-- 04_postgresql_datos.sql
SET search_path TO gestion, public;
INSERT INTO zona (codigo_zona,nombre,responsable) VALUES
('ZN','Zona Norte','Ana Torres'),
('ZC','Zona Centro','Luis Paredes'),
('ZS','Zona Sur','María Silva'),
('ZV','Zona Valle','Carlos Ruiz');
INSERT INTO sucursal (codigo_sucursal,nombre_oficial,codigo_zona,ciudad,direccion,latitud,longitud,fecha_apertura,activa) VALUES
('NORTE','Farmacia Norte','ZN','Quito','Av. 10 de Agosto N45-20',-0.180653,-78.484321,DATE '2022-02-01',TRUE),
('CENTRO','Farmacia Centro Histórico','ZC','QUITO','Guayaquil y Chile',-0.220164,-78.512327,DATE '2020-08-15',TRUE),
('SUR','Farmacia del Sur','ZS','quito ','Av. Maldonado S25-10',-0.28511,-78.5489,DATE '2023-01-10',TRUE),
('VALLE','Farmacia Valle de los Chillos','ZV','Sangolquí','Av. Calderón 101',-0.33412,-78.4498,DATE '2024-04-20',TRUE);
INSERT INTO segmento_cliente (codigo_segmento,nombre,descripcion) VALUES
('NUEVO','Cliente nuevo','Registrado hace menos de seis meses'),
('FREC','Frecuente','Compra regularmente'),
('VIP','Cliente VIP','Alto valor y frecuencia'),
('INACT','Inactivo','Sin compras recientes');
INSERT INTO cliente (documento,nombres,ciudad,fecha_nacimiento,sexo,codigo_segmento,fecha_registro,correo,activo) VALUES
('1712345601','Paola Rodríguez','Quito',DATE '1974-10-22','F','NUEVO',DATE '2024-04-25','paola_rodriguez@correo.com',TRUE),
('1712345602','Elena Mena','quito',DATE '1989-10-02','M','FREC',DATE '2025-06-15','elena_mena@correo.com',TRUE),
('1712345603','Camila Gómez','Sangolquí',DATE '1973-09-12','F','FREC',DATE '2025-04-04','camila_gomez@correo.com',TRUE),
('1712345604','Andrea Rodríguez','Quito ',DATE '1998-07-18','M','FREC',DATE '2025-12-15','andrea_rodriguez@correo.com',TRUE),
('1712345605','José Ortiz','quito',DATE '1996-04-04','M','VIP',DATE '2025-03-23','jose_ortiz@correo.com',TRUE),
('1712345606','Jorge Gómez',NULL,DATE '1985-11-12','M','FREC',DATE '2025-05-28','jorge_gomez@correo.com',TRUE),
('1712345607','Daniela Rodríguez',NULL,DATE '1988-09-08','M','INACT',DATE '2024-04-26','daniela_rodriguez@correo.com',TRUE),
('1712345608','Jorge Pérez','quito',DATE '2000-10-12','F','VIP',DATE '2026-03-20','jorge_perez@correo.com',TRUE),
('1712345609','Valeria Gómez','Quito',DATE '1984-07-23','F','FREC',DATE '2025-10-03','valeria_gomez@correo.com',TRUE),
('1712345610','Daniela Mena','Cumbayá',DATE '1969-08-15','F','NUEVO',DATE '2026-11-19','daniela_mena@correo.com',TRUE),
('1712345611','Daniela Rodríguez','Quito ',DATE '1997-01-27','M','FREC',DATE '2025-03-06','daniela_rodriguez@correo.com',TRUE),
('1712345612','Luis Torres','quito',DATE '1998-05-28','M','FREC',DATE '2026-09-09','luis_torres@correo.com',TRUE),
('1712345613','Daniela Vega','Sangolquí',DATE '1999-02-17','M','FREC',DATE '2026-03-06','daniela_vega@correo.com',TRUE),
('1712345614','Elena Ortiz','Cumbayá',DATE '2003-06-27','M','VIP',DATE '2024-02-02','elena_ortiz@correo.com',TRUE),
('1712345615','Elena Ortiz','quito',DATE '1978-10-14','M','FREC',DATE '2026-09-10','elena_ortiz@correo.com',TRUE),
('1712345616','Elena Vega','Quito ',DATE '1980-11-13','F','FREC',DATE '2026-01-06','elena_vega@correo.com',TRUE),
('1712345617','Jorge Cevallos','Quito ',DATE '1994-04-11','M','FREC',DATE '2026-06-24','jorge_cevallos@correo.com',TRUE),
('1712345618','Fernando Mena','Quito ',DATE '1973-06-17','M','FREC',DATE '2025-02-09','fernando_mena@correo.com',TRUE),
('1712345619','Jorge Torres','QUITO',DATE '1971-01-10','F','VIP',DATE '2025-04-28','jorge_torres@correo.com',TRUE),
('1712345620','Valeria Rodríguez',NULL,DATE '1985-10-24','F','NUEVO',DATE '2024-08-17','valeria_rodriguez@correo.com',TRUE),
('1712345621','Jorge Ruiz','quito',DATE '1996-01-03','F','FREC',DATE '2024-04-19','jorge_ruiz@correo.com',TRUE),
('1712345622','Luis Pérez','Quito',DATE '1983-08-20','F','FREC',DATE '2024-02-14','luis_perez@correo.com',TRUE),
('1712345623','Daniela Vega','Cumbayá',DATE '1988-07-12','M','FREC',DATE '2026-09-07','daniela_vega@correo.com',TRUE),
('1712345624','Luis Castro','quito',DATE '1969-07-17','F','VIP',DATE '2025-10-22','luis_castro@correo.com',TRUE),
('1712345625','Miguel Gómez','QUITO',DATE '1971-07-12','F','FREC',DATE '2025-03-07','miguel_gomez@correo.com',TRUE),
('1712345626','Miguel Castro','Quito ',DATE '1997-01-02','M','NUEVO',DATE '2025-08-17','miguel_castro@correo.com',TRUE),
('1712345627','Jorge Rodríguez','Sangolquí',DATE '1997-03-11','F','NUEVO',DATE '2026-12-27','jorge_rodriguez@correo.com',TRUE),
('1712345628','María Ortiz','quito',DATE '1997-09-18','F','VIP',DATE '2025-08-27','maria_ortiz@correo.com',TRUE),
('1712345629','Andrea Mena','quito',DATE '1972-07-19','F','VIP',DATE '2026-12-21','andrea_mena@correo.com',TRUE),
('1712345630','Andrea Ortiz','Quito ',DATE '1981-11-26','M','VIP',DATE '2026-08-06','andrea_ortiz@correo.com',TRUE),
('1712345605','MARIA PEREZ','QUITO',DATE '1984-05-14','F','FREC',DATE '2025-06-01','maria.perez@correo.com',TRUE),
('1712345610 ','Luis Gómez','Quito',DATE '1979-02-03','M','VIP',DATE '2024-11-20',NULL,TRUE),
('171-234-5615','Sofía Torres','quito',DATE '1992-09-09','F','NUEVO',DATE '2026-01-03','sofia@correo.com',TRUE),
('0000000000','Cliente de prueba',NULL,NULL,NULL,'INACT',DATE '2025-01-01',NULL,FALSE);
INSERT INTO meta_mensual (codigo_sucursal,periodo,meta_ventas,meta_clientes) VALUES
('NORTE',DATE '2026-01-01',2600.0,120),
('CENTRO',DATE '2026-01-01',1800.0,90),
('SUR',DATE '2026-01-01',1500.0,80),
('VALLE',DATE '2026-01-01',2200.0,100),
('NORTE',DATE '2026-02-01',2600.0,120),
('CENTRO',DATE '2026-02-01',1800.0,90),
('SUR',DATE '2026-02-01',1500.0,80),
('VALLE',DATE '2026-02-01',2200.0,100),
('NORTE',DATE '2026-03-01',2600.0,120),
('CENTRO',DATE '2026-03-01',1800.0,90),
('SUR',DATE '2026-03-01',1500.0,80),
('VALLE',DATE '2026-03-01',2200.0,100);
INSERT INTO encuesta_satisfaccion (fecha,codigo_sucursal,documento_cliente,puntuacion,tiempo_espera_minutos,comentario) VALUES
(DATE '2026-03-09','NORTE','1712345625',4,18,'Atención rápida'),
(DATE '2026-02-01','CENTRO','1712345603',4,5,'Excelente servicio'),
(DATE '2026-02-26','SUR','1712345621',3,19,'No había stock'),
(DATE '2026-03-30','VALLE','1712345614',4,24,'Local cómodo'),
(DATE '2026-03-02','NORTE','1712345604',4,13,'Buena atención'),
(DATE '2026-03-13','CENTRO','1712345621',5,10,'Muy buena atención'),
(DATE '2026-02-10','SUR','1712345612',3,44,'Poca información al cliente'),
(DATE '2026-02-13','VALLE','1712345623',3,23,'Atención aceptable'),
(DATE '2026-02-01','NORTE','1712345618',4,8,'Faltó el medicamento solicitado'),
(DATE '2026-02-06','CENTRO','1712345614',5,7,'Muy buena atención'),
(DATE '2026-02-14','SUR','1712345618',2,18,'Poca información al cliente'),
(DATE '2026-03-28','VALLE','1712345625',4,19,'Atención aceptable'),
(DATE '2026-02-07','NORTE','1712345603',4,16,'Buena atención'),
(DATE '2026-02-14','CENTRO','1712345629',5,9,'Excelente servicio'),
(DATE '2026-01-26','SUR','1712345618',2,19,'Demasiada espera'),
(DATE '2026-03-20','VALLE','1712345616',3,9,'Local cómodo'),
(DATE '2026-03-09','NORTE','1712345615',4,5,'Buena atención'),
(DATE '2026-02-22','CENTRO','1712345622',5,3,'Proceso ágil'),
(DATE '2026-01-18','SUR','1712345601',2,28,'Poca información al cliente'),
(DATE '2026-03-02','VALLE','171-234-5602',3,17,'Pocos productos disponibles'),
(DATE '2026-02-06','NORTE','1712345604',3,15,'Atención rápida'),
(DATE '2026-01-30','CENTRO','1712345603',5,8,'Excelente servicio'),
(DATE '2026-01-05','SUR','1712345626',3,20,'Poca información al cliente'),
(DATE '2026-02-07','VALLE','1712345603',2,17,'Local cómodo'),
(DATE '2026-03-19','NORTE','1712345607',4,9,'Faltó el medicamento solicitado'),
(DATE '2026-03-24','CENTRO','9999999999',5,10,'Muy buena atención'),
(DATE '2026-02-04','SUR','1712345613',1,25,'Demasiada espera'),
(DATE '2026-02-28','VALLE','1712345617',3,8,'Local cómodo'),
(DATE '2026-02-13','NORTE','1712345619',4,7,'Atención rápida'),
(DATE '2026-03-23','CENTRO','1712345626',5,10,'Muy buena atención'),
(DATE '2026-01-12','SUR','1712345626',1,20,'Demasiada espera'),
(DATE '2026-03-03','VALLE','1712345621',3,8,'Pocos productos disponibles'),
(DATE '2026-02-19','NORTE','1712345616',5,17,'Faltó el medicamento solicitado'),
(DATE '2026-02-12','CENTRO','1712345620',4,6,'Proceso ágil'),
(DATE '2026-02-16','SUR','1712345616',1,36,'Demasiada espera'),
(DATE '2026-03-01','VALLE','1712345620',3,20,'Local cómodo'),
(DATE '2026-03-06','NORTE','1712345620',3,15,'Faltó el medicamento solicitado'),
(DATE '2026-02-17','CENTRO','1712345615',5,4,'Muy buena atención'),
(DATE '2026-01-20','SUR','1712345630',2,28,'Poca información al cliente'),
(DATE '2026-03-12','VALLE','171-234-5602',3,15,'Local cómodo'),
(DATE '2026-03-18','NORTE','1712345606',5,13,'Atención rápida'),
(DATE '2026-02-16','CENTRO','1712345605',4,2,'Proceso ágil'),
(DATE '2026-03-06','SUR','1712345613',2,20,'No había stock'),
(DATE '2026-03-08','VALLE','1712345629',2,14,'Local cómodo'),
(DATE '2026-03-16','NORTE','9999999999',3,13,'Faltó el medicamento solicitado'),
(DATE '2026-01-08','CENTRO','1712345630',5,10,'Muy buena atención'),
(DATE '2026-02-28','SUR','1712345604',3,36,'No había stock'),
(DATE '2026-01-03','VALLE','1712345626',3,8,'Local cómodo'),
(DATE '2026-01-28','NORTE','1712345605',3,11,'Faltó el medicamento solicitado'),
(DATE '2026-03-31','CENTRO','1712345605',4,3,'Muy buena atención'),
(DATE '2026-01-05','SUR','1712345619',3,20,'Demasiada espera'),
(DATE '2026-03-24','VALLE','1712345627',3,20,'Pocos productos disponibles'),
(DATE '2026-02-18','NORTE','1712345625',3,15,'Atención rápida'),
(DATE '2026-03-11','CENTRO','1712345609',5,3,'Excelente servicio'),
(DATE '2026-03-10','SUR','1712345626',2,38,'Demasiada espera'),
(DATE '2026-01-01','VALLE','1712345602',3,22,'Local cómodo'),
(DATE '2026-03-11','NORTE','1712345628',5,18,'Buena atención'),
(DATE '2026-02-01','CENTRO','1712345630',5,4,'Muy buena atención'),
(DATE '2026-01-25','SUR','1712345608',1,40,'Poca información al cliente'),
(DATE '2026-02-23','VALLE','1712345602',3,14,'Atención aceptable'),
(DATE '2026-01-13','NORTE','1712345603',5,14,'Atención rápida'),
(DATE '2026-01-07','CENTRO','1712345616',4,8,'Muy buena atención'),
(DATE '2026-01-30','SUR','1712345614',1,19,'Poca información al cliente'),
(DATE '2026-02-07','VALLE','1712345615',3,18,'Atención aceptable'),
(DATE '2026-02-18','SUR','1712345608',7,120,'Registro importado con puntuación inválida');

-- Consultas rápidas para observar problemas de calidad
-- SELECT documento, COUNT(*) FROM cliente GROUP BY documento HAVING COUNT(*) > 1;
-- SELECT ciudad, COUNT(*) FROM cliente GROUP BY ciudad ORDER BY ciudad;
-- SELECT * FROM encuesta_satisfaccion WHERE puntuacion NOT BETWEEN 1 AND 5 OR tiempo_espera_minutos > 60;
-- SELECT codigo_sucursal, AVG(puntuacion), AVG(tiempo_espera_minutos) FROM encuesta_satisfaccion GROUP BY codigo_sucursal;
