-- 02_mysql_datos.sql
USE farmacia_db;
INSERT INTO laboratorio (codigo_laboratorio,nombre,pais,activo) VALUES
('L001','Bayer','Alemania',1),
('L002','Genfar','Colombia',1),
('L003','La Santé','Colombia',1),
('L004','Acromax','Ecuador',1),
('L005','Pfizer','Estados Unidos',1),
('L006','Novartis','Suiza',1),
('L007','Laboratorios Bagó','Argentina',1),
('L008','MEDICAMENTA','Ecuador',1);
INSERT INTO categoria (codigo_categoria,nombre,descripcion) VALUES
('C01','Analgésicos','Alivio del dolor'),
('C02','Analgesicos','Variante sin tilde introducida por otro sistema'),
('C03','Antibióticos','Tratamiento de infecciones bacterianas'),
('C04','Antigripales','Síntomas de gripe y resfriado'),
('C05','Vitaminas','Suplementos vitamínicos'),
('C06','Gastrointestinales','Trastornos digestivos'),
('C07','Dermatológicos','Uso tópico'),
('C08','Cardiovasculares','Tratamientos cardiovasculares');
INSERT INTO medicamento (codigo_medicamento,nombre,codigo_categoria,codigo_laboratorio,presentacion,costo,precio_venta,requiere_receta,activo) VALUES
('MED001','Paracetamol 500 mg','C01','L002','Caja x 20 tabletas',0.80,1.60,0,1),
('MED002','Ibuprofeno 400 mg','C02','L003','Caja x 20 tabletas',1.10,2.20,0,1),
('MED003','Amoxicilina 500 mg','C03','L004','Caja x 21 cápsulas',3.80,7.50,1,1),
('MED004','Azitromicina 500 mg','C03','L005','Caja x 3 tabletas',4.50,9.80,1,1),
('MED005','Loratadina 10 mg','C04','L002','Caja x 10 tabletas',0.95,2.00,0,1),
('MED006','Vitamina C 1 g','C05','L006','Tubo x 10 efervescentes',2.20,4.50,0,1),
('MED007','Omeprazol 20 mg','C06','L003','Caja x 30 cápsulas',2.70,5.80,0,1),
('MED008','Diclofenaco gel','C07','L001','Tubo 50 g',1.90,4.20,0,1),
('MED009','Losartán 50 mg','C08','L007','Caja x 30 tabletas',2.80,6.20,1,1),
('MED010','Aspirina 100 mg','C08','L001','Caja x 30 tabletas',1.50,3.50,1,1),
('MED011','Jarabe antigripal','C04','L008','Frasco 120 ml',2.60,5.50,0,1),
('MED012','Multivitamínico adulto','C05','L006','Frasco x 30 tabletas',4.00,8.90,0,1),
('MED013','Probióticos','C06','L007','Caja x 10 sobres',5.20,11.50,0,1),
('MED014','Crema antimicótica','C07','L004','Tubo 30 g',2.10,4.80,0,1),
('MED015','Producto descontinuado','C05','L008','Caja x 20',6.00,12.00,0,0);
INSERT INTO venta (numero_venta,fecha_hora,sucursal_origen,documento_cliente,forma_pago,descuento,estado,observacion) VALUES
('V0001','2026-03-23 09:00:00','SUR','1712345605','EFECTIVO',2.0,'COMPLETADA',NULL),
('V0002','2026-03-19 08:40:00','Sucursal Norte','1712345618','tarjeta',0,'COMPLETADA',NULL),
('V0003','2026-02-24 13:20:00','FARMACIA NORTE',' 1712345603','EFECTIVO',0,'COMPLETADA',NULL),
('V0004','2026-02-28 16:00:00','Sucursal Valle','1712345618','TRANSFERENCIA',2.0,'COMPLETADA',NULL),
('V0005','2026-01-30 12:00:00','VALLE','9999999999','TRANSFERENCIA',0.5,'COMPLETADA',NULL),
('V0006','2026-03-31 18:50:00','FARMACIA NORTE','1712345618','TARJETA',0,'COMPLETADA',NULL),
('V0007','2026-03-29 13:00:00','Sucursal Norte','1712345611','tarjeta',0,'COMPLETADA',NULL),
('V0008','2026-01-19 12:10:00','Sucursal Norte','1712345609','Efectivo',0.5,'COMPLETADA',NULL),
('V0009','2026-03-05 09:00:00','VALLE','1712345606','tarjeta',1.0,'COMPLETADA',NULL),
('V0010','2026-01-02 18:50:00','FARMACIA NORTE',' 1712345603','TRANSFERENCIA',0,'COMPLETADA',NULL),
('V0011','2026-02-03 16:10:00','CENTRO','1712345621','TRANSFERENCIA',2.0,'COMPLETADA',NULL),
('V0012','2026-03-11 16:00:00','Farmacia Sur','1712345604','TRANSFERENCIA',0,'COMPLETADA',NULL),
('V0013','2026-01-11 19:30:00','VALLE',NULL,'TARJETA',0,'COMPLETADA',NULL),
('V0014','2026-03-30 11:50:00','FARMACIA CENTRO','','TRANSFERENCIA',0.5,'COMPLETADA',NULL),
('V0015','2026-03-17 16:10:00','Farmacia Sur','1712345623','EFECTIVO',0,'COMPLETADA',NULL),
('V0016','2026-03-07 11:20:00','Farmacia Sur','1712345605','Efectivo',1.0,'COMPLETADA',NULL),
('V0017','2026-02-25 13:30:00','FARMACIA CENTRO','1712345601 ','EFECTIVO',0,'COMPLETADA','Registro importado con nombre de sucursal distinto'),
('V0018','2026-03-10 15:10:00','FARMACIA CENTRO','1712345608','EFECTIVO',0.5,'COMPLETADA',NULL),
('V0019','2026-01-22 14:30:00','CENTRO','1712345601 ','TARJETA',0.5,'COMPLETADA',NULL),
('V0020','2026-02-24 19:50:00','Sucursal Valle','1712345623','tarjeta',0,'COMPLETADA',NULL),
('V0021','2026-03-11 08:50:00','FARMACIA CENTRO','1712345616','Efectivo',1.0,'COMPLETADA',NULL),
('V0022','2026-01-16 17:10:00','CENTRO','1712345603','tarjeta',2.0,'COMPLETADA',NULL),
('V0023','2026-02-20 10:50:00','Farmacia Sur','1712345630','EFECTIVO',0,'COMPLETADA',NULL),
('V0024','2026-01-09 11:20:00','NORTE ','1712345618','TRANSFERENCIA',1.0,'ANULADA',NULL),
('V0025','2026-02-03 09:00:00','SUR','1712345610','Efectivo',0,'COMPLETADA',NULL),
('V0026','2026-03-06 15:20:00','VALLE','1712345601 ','tarjeta',0,'COMPLETADA',NULL),
('V0027','2026-02-26 16:50:00','FARMACIA CENTRO','1712345603','TARJETA',1.0,'COMPLETADA',NULL),
('V0028','2026-02-09 13:00:00','VALLE','1712345608','EFECTIVO',0,'COMPLETADA',NULL),
('V0029','2026-01-23 14:00:00','Sucursal Norte','9999999999','TARJETA',0,'COMPLETADA',NULL),
('V0030','2026-03-02 11:10:00','VALLE','1712345610','TARJETA',0,'COMPLETADA',NULL),
('V0031','2026-01-09 12:20:00','Farmacia Sur','1712345627','Efectivo',0,'COMPLETADA',NULL),
('V0032','2026-01-23 17:20:00','FARMACIA NORTE','1712345612','TRANSFERENCIA',0.5,'COMPLETADA',NULL),
('V0033','2026-01-01 16:40:00','Farmacia Sur','','TARJETA',0,'COMPLETADA',NULL),
('V0034','2026-02-08 16:20:00','Farmacia Sur','1712345623','TRANSFERENCIA',1.0,'COMPLETADA',NULL),
('V0035','2026-03-20 17:20:00','FARMACIA CENTRO','1712345610','TRANSFERENCIA',0,'COMPLETADA',NULL),
('V0036','2026-03-02 19:10:00','Farmacia Sur','1712345622','Efectivo',0,'COMPLETADA',NULL),
('V0037','2026-01-26 10:00:00','FARMACIA NORTE',NULL,'EFECTIVO',0.5,'COMPLETADA',NULL),
('V0038','2026-03-30 08:00:00','SUR','1712345626','Efectivo',0.5,'COMPLETADA',NULL),
('V0039','2026-02-28 10:30:00','Farmacia Sur',NULL,'TRANSFERENCIA',0.5,'COMPLETADA',NULL),
('V0040','2026-02-27 12:10:00','VALLE','1712345625','Efectivo',0.5,'COMPLETADA',NULL),
('V0041','2026-02-12 13:40:00','FARMACIA NORTE','1712345613','TARJETA',2.0,'COMPLETADA',NULL),
('V0042','2026-01-27 14:30:00','VALLE','1712345623','EFECTIVO',1.0,'COMPLETADA',NULL),
('V0043','2026-02-19 14:40:00','SUR','1712345620','TARJETA',0.5,'COMPLETADA',NULL),
('V0044','2026-02-21 19:10:00','VALLE',NULL,'Efectivo',0,'COMPLETADA',NULL),
('V0045','2026-01-07 12:30:00','FARMACIA CENTRO','1712345611','tarjeta',0,'COMPLETADA',NULL),
('V0046','2026-03-11 08:20:00','Sucursal Norte','1712345621','EFECTIVO',0,'COMPLETADA',NULL),
('V0047','2026-01-20 11:10:00','CENTRO','1712345607','tarjeta',2.0,'COMPLETADA',NULL),
('V0048','2026-01-15 10:20:00','FARMACIA NORTE','1712345610','Efectivo',2.0,'COMPLETADA',NULL),
('V0049','2026-03-30 18:10:00','FARMACIA NORTE','1712345628','Efectivo',0,'COMPLETADA',NULL),
('V0050','2026-03-24 13:00:00','VALLE','1712345604','tarjeta',0,'COMPLETADA',NULL),
('V0051','2026-03-25 12:40:00','VALLE','1712345616','tarjeta',0.5,'COMPLETADA',NULL),
('V0052','2026-02-01 15:40:00','Farmacia Sur','1712345601','tarjeta',0,'COMPLETADA',NULL),
('V0053','2026-02-13 12:40:00','SUR','1712345601','Efectivo',0,'COMPLETADA',NULL),
('V0054','2026-03-24 19:30:00','FARMACIA CENTRO','1712345610','TARJETA',0.5,'COMPLETADA',NULL),
('V0055','2026-02-14 14:50:00','CENTRO','1712345615','TRANSFERENCIA',0,'COMPLETADA',NULL),
('V0056','2026-01-16 19:40:00','Sucursal Valle','1712345607','TARJETA',2.0,'COMPLETADA',NULL),
('V0057','2026-01-30 13:10:00','FARMACIA CENTRO','1712345605','TRANSFERENCIA',0,'ANULADA',NULL),
('V0058','2026-03-15 12:30:00','CENTRO','1712345602','TRANSFERENCIA',0.5,'COMPLETADA','Registro importado con nombre de sucursal distinto'),
('V0059','2026-03-15 18:50:00','FARMACIA NORTE','1712345619','TRANSFERENCIA',0,'ANULADA',NULL),
('V0060','2026-03-19 17:40:00','Sucursal Norte','1712345615','tarjeta',0,'COMPLETADA',NULL),
('V0061','2026-01-13 11:50:00','Sucursal Norte','1712345606','TARJETA',0,'COMPLETADA',NULL),
('V0062','2026-03-30 17:30:00','FARMACIA CENTRO','1712345623','TRANSFERENCIA',2.0,'COMPLETADA',NULL),
('V0063','2026-03-22 17:50:00','VALLE','1712345604','Efectivo',0,'COMPLETADA',NULL),
('V0064','2026-03-18 19:40:00','Sucursal Valle','1712345615','TRANSFERENCIA',2.0,'COMPLETADA',NULL),
('V0065','2026-01-06 14:50:00','FARMACIA CENTRO','1712345603','TARJETA',2.0,'COMPLETADA',NULL),
('V0066','2026-01-23 15:40:00','Farmacia Sur','171-234-5602','Efectivo',0.5,'COMPLETADA',NULL),
('V0067','2026-02-11 18:00:00','VALLE','1712345623','tarjeta',0,'COMPLETADA',NULL),
('V0068','2026-02-10 12:20:00','FARMACIA NORTE','1712345628','Efectivo',0,'COMPLETADA',NULL),
('V0069','2026-02-26 08:10:00','NORTE ','1712345610','tarjeta',2.0,'COMPLETADA',NULL),
('V0070','2026-01-31 19:10:00','FARMACIA CENTRO','1712345614','EFECTIVO',0,'ANULADA',NULL),
('V0071','2026-03-24 10:30:00','Sucursal Valle','1712345623','TRANSFERENCIA',0.5,'COMPLETADA',NULL),
('V0072','2026-03-18 16:50:00','VALLE',' 1712345603','tarjeta',0,'COMPLETADA',NULL),
('V0073','2026-03-04 10:30:00','CENTRO','1712345618','Efectivo',0.5,'COMPLETADA',NULL),
('V0074','2026-02-19 11:30:00','FARMACIA NORTE','1712345623','tarjeta',0.5,'ANULADA',NULL),
('V0075','2026-01-17 16:40:00','FARMACIA CENTRO','1712345628','tarjeta',0,'COMPLETADA',NULL),
('V0076','2026-01-10 15:20:00','FARMACIA CENTRO','1712345621','EFECTIVO',0,'COMPLETADA',NULL),
('V0077','2026-03-21 09:10:00','Farmacia Sur','171-234-5602','EFECTIVO',0.5,'ANULADA',NULL),
('V0078','2026-02-08 08:00:00','FARMACIA CENTRO','1712345612','TRANSFERENCIA',0.5,'COMPLETADA',NULL),
('V0079','2026-02-18 17:50:00','Sucursal Norte','171-234-5602','TARJETA',0.5,'COMPLETADA',NULL),
('V0080','2026-03-28 16:10:00','FARMACIA NORTE',NULL,'TRANSFERENCIA',2.0,'ANULADA',NULL),
('V0081','2026-01-14 11:30:00','CENTRO','1712345623','TRANSFERENCIA',0,'ANULADA',NULL),
('V0082','2026-01-07 17:50:00','CENTRO',' 1712345603','TARJETA',1.0,'COMPLETADA',NULL),
('V0083','2026-02-02 18:50:00','SUR','1712345605','EFECTIVO',2.0,'COMPLETADA',NULL),
('V0084','2026-01-17 09:20:00','FARMACIA CENTRO','1712345607','TARJETA',1.0,'COMPLETADA',NULL),
('V0085','2026-03-03 12:50:00','VALLE','1712345615','EFECTIVO',0,'COMPLETADA',NULL),
('V0086','2026-03-28 14:40:00','FARMACIA CENTRO','1712345601','TRANSFERENCIA',1.0,'COMPLETADA',NULL),
('V0087','2026-03-23 13:00:00','Farmacia Sur','1712345620','Efectivo',0,'COMPLETADA',NULL),
('V0088','2026-03-01 19:20:00','Farmacia Sur','1712345602','EFECTIVO',0,'ANULADA',NULL),
('V0089','2026-01-18 14:30:00','FARMACIA CENTRO','','Efectivo',0.5,'COMPLETADA',NULL),
('V0090','2026-01-13 15:40:00','FARMACIA CENTRO','1712345601 ','TRANSFERENCIA',0,'COMPLETADA',NULL),
('V0091','2026-03-29 13:40:00','VALLE','1712345602','tarjeta',0,'COMPLETADA',NULL),
('V0092','2026-01-12 18:10:00','Farmacia Sur','1712345601','EFECTIVO',0,'COMPLETADA',NULL),
('V0093','2026-01-09 16:10:00','Farmacia Sur','1712345608','TRANSFERENCIA',0,'COMPLETADA',NULL),
('V0094','2026-01-23 09:50:00','VALLE','1712345612','TARJETA',1.0,'COMPLETADA',NULL),
('V0095','2026-02-23 16:00:00','SUR','1712345625','TRANSFERENCIA',1.0,'COMPLETADA',NULL),
('V0096','2026-03-26 16:20:00','FARMACIA CENTRO','1712345601 ','tarjeta',0.5,'COMPLETADA',NULL),
('V0097','2026-01-10 09:20:00','Farmacia Sur','1712345609','Efectivo',2.0,'COMPLETADA',NULL),
('V0098','2026-03-06 17:30:00','FARMACIA NORTE','1712345628','Efectivo',2.0,'COMPLETADA',NULL),
('V0099','2026-02-21 14:50:00','FARMACIA NORTE','1712345622','TRANSFERENCIA',0,'ANULADA',NULL),
('V0100','2026-01-13 19:50:00','FARMACIA CENTRO','1712345602','Efectivo',1.0,'COMPLETADA',NULL),
('V0101','2026-02-24 19:00:00','Sucursal Valle','1712345612','EFECTIVO',1.0,'COMPLETADA',NULL),
('V0102','2026-01-14 13:40:00','FARMACIA CENTRO','1712345619','TARJETA',0.5,'COMPLETADA',NULL),
('V0103','2026-01-04 10:20:00','SUR','1712345611','TRANSFERENCIA',0,'COMPLETADA',NULL),
('V0104','2026-01-09 10:50:00','Farmacia Sur','1712345624','Efectivo',0,'COMPLETADA',NULL),
('V0105','2026-03-14 17:00:00','VALLE','1712345625','Efectivo',0,'COMPLETADA',NULL),
('V0106','2026-02-23 12:10:00','SUR','1712345614','EFECTIVO',0,'COMPLETADA',NULL),
('V0107','2026-01-01 11:20:00','Sucursal Valle','1712345625','TRANSFERENCIA',0,'COMPLETADA',NULL),
('V0108','2026-01-23 10:30:00','CENTRO','1712345618','TRANSFERENCIA',0,'COMPLETADA',NULL),
('V0109','2026-01-10 13:40:00','FARMACIA CENTRO','1712345621','tarjeta',0,'COMPLETADA',NULL),
('V0110','2026-03-21 15:50:00','Sucursal Valle','1712345628','EFECTIVO',0,'COMPLETADA',NULL),
('V0111','2026-02-13 11:20:00','SUR','1712345621','EFECTIVO',1.0,'COMPLETADA',NULL),
('V0112','2026-01-31 09:10:00','NORTE ','1712345605','EFECTIVO',0,'ANULADA',NULL),
('V0113','2026-03-29 17:50:00','Farmacia Sur','1712345628','TRANSFERENCIA',0,'COMPLETADA',NULL),
('V0114','2026-01-08 13:40:00','FARMACIA NORTE','1712345602','EFECTIVO',0,'COMPLETADA',NULL),
('V0115','2026-03-20 17:40:00','FARMACIA CENTRO','1712345626','EFECTIVO',0.5,'COMPLETADA',NULL),
('V0116','2026-01-14 13:50:00','FARMACIA NORTE','1712345602','TARJETA',2.0,'COMPLETADA',NULL),
('V0117','2026-02-06 14:30:00','SUR','1712345602','TRANSFERENCIA',0,'COMPLETADA',NULL),
('V0118','2026-02-12 09:40:00','Farmacia Sur',' 1712345603','tarjeta',0,'COMPLETADA',NULL),
('V0119','2026-03-24 13:10:00','Farmacia Sur','1712345624','Efectivo',0,'COMPLETADA',NULL),
('V0120','2026-01-28 13:30:00','Sucursal Norte','171-234-5602','EFECTIVO',0,'COMPLETADA',NULL);
INSERT INTO detalle_venta (numero_venta,linea,codigo_medicamento,cantidad,precio_unitario) VALUES
('V0001',1,'MED001',1,1.6),
('V0001',2,'MED005',1,2.0),
('V0001',3,'MED001',2,1.6),
('V0002',1,'MED010',1,3.5),
('V0002',2,'MED001',3,1.6),
('V0003',1,'MED011',1,5.5),
('V0003',2,'MED007',3,5.8),
('V0004',1,'MED007',1,5.8),
('V0004',2,'MED008',3,4.2),
('V0005',1,'MED002',3,2.2),
('V0005',2,'MED004',1,9.8),
('V0006',1,'MED014',2,4.8),
('V0006',2,'MED007',1,5.8),
('V0007',1,'MED011',2,5.5),
('V0007',2,'MED003',3,7.5),
('V0007',3,'MED007',2,5.8),
('V0008',1,'MED004',1,9.8),
('V0008',2,'MED015',2,12.0),
('V0009',1,'MED007',1,5.8),
('V0009',2,'MED005',2,2.0),
('V0010',1,'MED005',3,2.0),
('V0011',1,'MED002',1,2.2),
('V0012',1,'MED011',1,5.5),
('V0013',1,'MED002',1,2.2),
('V0013',2,'MED006',2,4.5),
('V0013',3,'MED007',3,5.8),
('V0014',1,'MED001',1,1.6),
('V0014',2,'MED002',1,2.2),
('V0015',1,'MED011',1,5.5),
('V0016',1,'MED010',1,3.5),
('V0016',2,'MED002',3,2.2),
('V0017',1,'MED010',1,3.5),
('V0017',2,'MED001',1,1.6),
('V0018',1,'MED001',1,1.6),
('V0018',2,'MED007',1,5.8),
('V0018',3,'MED006',1,4.5),
('V0019',1,'MED002',2,2.2),
('V0019',2,'MED010',1,3.5),
('V0020',1,'MED014',2,4.8),
('V0021',1,'MED001',3,1.6),
('V0021',2,'MED002',1,2.2),
('V0021',3,'MED007',2,5.8),
('V0022',1,'MED003',1,7.5),
('V0022',2,'MED002',1,2.2),
('V0022',3,'MED007',1,5.8),
('V0023',1,'MED015',1,0),
('V0023',2,'MED001',1,1.6),
('V0023',3,'MED002',1,2.2),
('V0024',1,'MED001',3,1.6),
('V0024',2,'MED010',1,3.5),
('V0024',3,'MED003',1,7.5),
('V0025',1,'MED008',1,4.2),
('V0026',1,'MED009',1,6.2),
('V0026',2,'MED007',1,5.8),
('V0027',1,'MED007',1,5.8),
('V0027',2,'MED001',1,1.6),
('V0028',1,'MED014',1,4.8),
('V0028',2,'MED009',1,6.2),
('V0029',1,'MED004',1,9.8),
('V0030',1,'MED005',1,2.0),
('V0031',1,'MED011',1,5.5),
('V0032',1,'MED001',1,1.6),
('V0032',2,'MED012',3,8.9),
('V0032',3,'MED002',2,2.2),
('V0033',1,'MED007',1,5.8),
('V0033',2,'MED007',3,5.8),
('V0034',1,'MED007',3,5.8),
('V0034',2,'MED004',1,9.8),
('V0035',1,'MED007',3,5.8),
('V0035',2,'MED003',1,7.5),
('V0035',3,'MED005',2,2.0),
('V0036',1,'MED007',1,5.8),
('V0037',1,'MED002',1,2.2),
('V0037',2,'MED008',1,4.2),
('V0037',3,'MED006',3,4.5),
('V0038',1,'MED012',1,8.9),
('V0039',1,'MED005',1,2.0),
('V0039',2,'MED012',3,8.9),
('V0039',3,'MED005',2,2.0),
('V0040',1,'MED005',1,2.0),
('V0040',2,'MED008',1,4.2),
('V0041',1,'MED005',2,2.0),
('V0041',2,'MED006',1,4.5),
('V0042',1,'MED013',1,11.5),
('V0043',1,'MED006',3,4.5),
('V0043',2,'MED004',3,9.8),
('V0044',1,'MED007',1,5.8),
('V0044',2,'MED001',2,1.6),
('V0044',3,'MED007',1,5.8),
('V0045',1,'MED002',1,2.2),
('V0045',2,'MED001',3,1.6),
('V0046',1,'MED011',2,5.5),
('V0047',1,'MED002',3,2.2),
('V0047',2,'MED007',3,5.8),
('V0048',1,'MED005',1,2.0),
('V0048',2,'MED008',2,4.2),
('V0049',1,'MED009',1,6.2),
('V0049',2,'MED003',1,7.5),
('V0049',3,'MED005',2,2.0),
('V0050',1,'MED008',3,4.2),
('V0050',2,'MED005',2,2.0),
('V0051',1,'MED002',1,2.2),
('V0051',2,'MED011',1,5.5),
('V0051',3,'MED011',2,5.5),
('V0052',1,'MED004',1,9.8),
('V0053',1,'MED006',3,4.5),
('V0053',2,'MED009',2,6.2),
('V0054',1,'MED007',2,5.8),
('V0054',2,'MED004',2,9.8),
('V0055',1,'MED008',1,4.2),
('V0056',1,'MED014',1,4.8),
('V0056',2,'MED006',1,4.5),
('V0056',3,'MED002',1,2.2),
('V0057',1,'MED003',2,7.5),
('V0057',2,'MED013',1,11.5),
('V0057',3,'MED007',1,5.8),
('V0058',1,'MED005',1,2.0),
('V0059',1,'MED006',2,4.5),
('V0060',1,'MED003',2,7.5),
('V0060',2,'MED007',3,5.8),
('V0061',1,'MED001',2,1.6),
('V0062',1,'MED008',1,4.2),
('V0063',1,'MED011',1,5.5),
('V0063',2,'MED001',1,1.6),
('V0064',1,'MED006',1,4.5),
('V0064',2,'MED006',2,4.5),
('V0065',1,'MED007',1,5.8),
('V0065',2,'MED001',2,1.6),
('V0065',3,'MED009',1,6.2),
('V0066',1,'MED014',2,4.8),
('V0066',2,'MED005',1,2.0),
('V0067',1,'MED010',2,3.5),
('V0067',2,'MED006',1,4.5),
('V0068',1,'MED005',2,2.0),
('V0068',2,'MED001',2,1.6),
('V0068',3,'MED006',3,4.5),
('V0069',1,'MED014',2,4.8),
('V0070',1,'MED005',1,2.0),
('V0071',1,'MED002',2,2.2),
('V0071',2,'MED006',1,4.5),
('V0072',1,'MED002',2,2.2),
('V0072',2,'MED001',2,1.6),
('V0072',3,'MED008',3,4.2),
('V0073',1,'MED011',1,5.5),
('V0073',2,'MED014',2,4.8),
('V0074',1,'MED006',1,4.5),
('V0075',1,'MED001',3,1.6),
('V0075',2,'MED001',1,1.6),
('V0076',1,'MED004',2,9.8),
('V0076',2,'MED003',2,7.5),
('V0076',3,'MED008',1,4.2),
('V0077',1,'MED005',25,2.0),
('V0078',1,'MED005',1,2.0),
('V0078',2,'MED008',1,4.2),
('V0078',3,'MED002',2,2.2),
('V0079',1,'MED002',2,2.2),
('V0079',2,'MED001',1,1.6),
('V0080',1,'MED005',2,2.0),
('V0080',2,'MED003',2,7.5),
('V0081',1,'MED002',3,2.2),
('V0081',2,'MED007',3,5.8),
('V0082',1,'MED007',2,5.8),
('V0083',1,'MED010',1,3.5),
('V0083',2,'MED001',3,1.6),
('V0084',1,'MED006',1,4.5),
('V0084',2,'MED012',1,8.9),
('V0085',1,'MED011',3,5.5),
('V0086',1,'MED007',2,5.8),
('V0086',2,'MED007',2,5.8),
('V0087',1,'MED007',3,5.8),
('V0088',1,'MED001',2,1.6),
('V0089',1,'MED011',3,5.5),
('V0090',1,'MED011',1,5.5),
('V0091',1,'MED013',2,11.5),
('V0092',1,'MED010',1,3.5),
('V0093',1,'MED001',1,1.6),
('V0093',2,'MED011',2,5.5),
('V0093',3,'MED001',1,1.6),
('V0094',1,'MED002',1,2.2),
('V0095',1,'MED006',1,4.5),
('V0095',2,'MED013',3,11.5),
('V0096',1,'MED006',2,4.5),
('V0097',1,'MED004',1,9.8),
('V0097',2,'MED007',2,5.8),
('V0098',1,'MED005',1,2.0),
('V0098',2,'MED002',2,2.2),
('V0099',1,'MED001',1,1.6),
('V0099',2,'MED011',2,5.5),
('V0100',1,'MED005',3,2.0),
('V0101',1,'MED007',1,5.8),
('V0102',1,'MED007',3,5.8),
('V0102',2,'MED007',3,5.8),
('V0102',3,'MED001',1,1.6),
('V0103',1,'MED007',2,5.8),
('V0104',1,'MED003',3,7.5),
('V0104',2,'MED004',1,9.8),
('V0105',1,'MED005',2,2.0),
('V0105',2,'MED005',2,2.0),
('V0106',1,'MED006',2,4.5),
('V0106',2,'MED007',2,5.8),
('V0106',3,'MED001',1,1.6),
('V0107',1,'MED006',2,4.5),
('V0108',1,'MED005',2,2.0),
('V0109',1,'MED014',1,4.8),
('V0110',1,'MED006',1,4.5),
('V0110',2,'MED005',3,2.0),
('V0111',1,'MED004',3,9.8),
('V0111',2,'MED013',1,11.5),
('V0112',1,'MED005',2,2.0),
('V0112',2,'MED007',2,5.8),
('V0113',1,'MED005',1,2.0),
('V0113',2,'MED003',2,7.5),
('V0114',1,'MED007',1,5.8),
('V0115',1,'MED007',1,5.8),
('V0115',2,'MED003',1,7.5),
('V0115',3,'MED005',2,2.0),
('V0116',1,'MED006',1,4.5),
('V0116',2,'MED007',1,5.8),
('V0117',1,'MED008',3,4.2),
('V0117',2,'MED003',2,7.5),
('V0117',3,'MED008',1,4.2),
('V0118',1,'MED003',2,7.5),
('V0119',1,'MED006',1,4.5),
('V0119',2,'MED001',1,1.6),
('V0120',1,'MED006',2,4.5);
INSERT INTO inventario (sucursal_origen,codigo_medicamento,stock_actual,stock_minimo,fecha_ultima_entrada,fecha_ultimo_movimiento) VALUES
('FARMACIA NORTE','MED001',4,15,'2026-03-09','2026-01-05'),
('FARMACIA NORTE','MED002',4,15,'2026-02-13','2026-03-21'),
('FARMACIA NORTE','MED003',16,15,'2026-01-20','2026-01-21'),
('FARMACIA NORTE','MED004',19,10,'2026-02-26','2026-01-06'),
('FARMACIA NORTE','MED005',34,12,'2026-01-31','2026-02-26'),
('FARMACIA NORTE','MED006',26,15,'2026-01-30','2026-03-10'),
('FARMACIA NORTE','MED007',0,15,'2026-02-09','2026-03-02'),
('FARMACIA NORTE','MED008',20,12,'2026-03-15','2026-02-26'),
('FARMACIA NORTE','MED009',37,12,'2026-02-18','2026-03-06'),
('FARMACIA NORTE','MED010',41,15,'2026-01-21','2026-01-26'),
('FARMACIA NORTE','MED011',16,12,'2026-01-07','2026-03-24'),
('FARMACIA NORTE','MED012',38,12,'2026-03-12','2026-01-14'),
('FARMACIA NORTE','MED013',41,8,'2026-02-06','2026-01-11'),
('FARMACIA NORTE','MED014',18,12,'2026-02-27','2026-03-07'),
('FARMACIA CENTRO','MED001',17,15,'2026-01-12','2026-01-29'),
('FARMACIA CENTRO','MED002',36,12,'2026-01-04','2026-02-23'),
('FARMACIA CENTRO','MED003',11,15,'2026-03-06','2026-02-17'),
('FARMACIA CENTRO','MED004',23,15,'2026-01-11','2026-02-17'),
('FARMACIA CENTRO','MED005',22,8,'2026-02-10','2026-01-13'),
('FARMACIA CENTRO','MED006',29,10,'2026-01-18','2026-01-05'),
('FARMACIA CENTRO','MED007',26,15,'2026-01-18','2026-03-02'),
('FARMACIA CENTRO','MED008',36,8,'2026-01-11','2026-01-03'),
('FARMACIA CENTRO','MED009',24,10,'2026-01-20','2026-03-12'),
('FARMACIA CENTRO','MED010',41,15,'2026-01-15','2026-02-06'),
('FARMACIA CENTRO','MED011',23,12,'2026-01-16','2026-01-07'),
('FARMACIA CENTRO','MED012',23,15,'2026-02-28','2026-01-09'),
('FARMACIA CENTRO','MED013',15,15,'2026-03-10','2026-01-03'),
('FARMACIA CENTRO','MED014',40,10,'2026-01-19','2026-02-07'),
('Farmacia Sur','MED001',35,8,'2026-02-15','2026-01-31'),
('Farmacia Sur','MED002',44,15,'2026-01-24','2026-03-27'),
('Farmacia Sur','MED003',5,10,'2026-01-11','2026-03-09'),
('Farmacia Sur','MED004',3,10,'2026-01-09','2026-03-09'),
('Farmacia Sur','MED005',42,8,'2026-02-19','2026-03-02'),
('Farmacia Sur','MED006',10,15,'2026-02-17','2026-02-02'),
('Farmacia Sur','MED007',9,12,'2026-01-09','2026-02-14'),
('Farmacia Sur','MED008',23,8,'2026-03-16','2026-02-12'),
('Farmacia Sur','MED009',16,8,'2026-02-15','2026-03-11'),
('Farmacia Sur','MED010',29,10,'2026-03-01','2026-03-31'),
('Farmacia Sur','MED011',38,10,'2026-01-18','2026-01-09'),
('Farmacia Sur','MED012',37,8,'2026-02-07','2026-01-26'),
('Farmacia Sur','MED013',10,10,'2026-01-06','2026-02-10'),
('Farmacia Sur','MED014',27,15,'2026-03-11','2026-03-02'),
('Sucursal Valle','MED001',24,8,'2026-01-25','2026-02-06'),
('Sucursal Valle','MED002',30,8,'2026-02-12','2026-02-04'),
('Sucursal Valle','MED003',15,12,'2026-02-25','2026-02-21'),
('Sucursal Valle','MED004',36,15,'2026-02-13','2026-01-24'),
('Sucursal Valle','MED005',39,15,'2026-02-17','2026-03-08'),
('Sucursal Valle','MED006',25,8,'2026-02-24','2026-01-11'),
('Sucursal Valle','MED007',35,10,'2026-03-11','2026-02-07'),
('Sucursal Valle','MED008',28,8,'2026-01-11','2026-02-11'),
('Sucursal Valle','MED009',26,12,'2026-02-27','2026-03-19'),
('Sucursal Valle','MED010',35,10,'2026-02-26','2026-02-14'),
('Sucursal Valle','MED011',36,8,'2026-02-15','2026-03-20'),
('Sucursal Valle','MED012',90,8,'2026-02-05','2025-10-15'),
('Sucursal Valle','MED013',70,8,'2026-01-10','2025-10-15'),
('Sucursal Valle','MED014',120,8,'2026-02-21','2025-10-15');

-- Consultas rápidas para observar problemas de calidad
-- SELECT sucursal_origen, COUNT(*) FROM venta GROUP BY sucursal_origen;
-- SELECT documento_cliente, COUNT(*) FROM venta GROUP BY documento_cliente ORDER BY documento_cliente;
-- SELECT * FROM detalle_venta WHERE precio_unitario <= 0 OR cantidad >= 20;
-- SELECT * FROM inventario WHERE stock_actual < stock_minimo OR fecha_ultimo_movimiento < '2026-01-01';
