SET client_encoding = 'UTF8';

DROP SCHEMA IF EXISTS gestion CASCADE;
CREATE SCHEMA gestion;
SET search_path TO gestion, public;

CREATE TABLE zona (
    codigo_zona VARCHAR(10) PRIMARY KEY,
    nombre VARCHAR(80) NOT NULL,
    responsable VARCHAR(100)
);

CREATE TABLE sucursal (
    codigo_sucursal VARCHAR(10) PRIMARY KEY,
    nombre_oficial VARCHAR(100) NOT NULL,
    codigo_zona VARCHAR(10) REFERENCES zona(codigo_zona),
    ciudad VARCHAR(80),
    direccion VARCHAR(160),
    latitud NUMERIC(9,6),
    longitud NUMERIC(9,6),
    fecha_apertura DATE,
    activa BOOLEAN NOT NULL DEFAULT TRUE
);

CREATE TABLE segmento_cliente (
    codigo_segmento VARCHAR(10) PRIMARY KEY,
    nombre VARCHAR(60) NOT NULL,
    descripcion VARCHAR(200)
);

CREATE TABLE cliente (
    id_cliente INTEGER GENERATED BY DEFAULT AS IDENTITY PRIMARY KEY,
    documento VARCHAR(25),
    nombres VARCHAR(120) NOT NULL,
    ciudad VARCHAR(80),
    fecha_nacimiento DATE,
    sexo CHAR(1),
    codigo_segmento VARCHAR(10) REFERENCES segmento_cliente(codigo_segmento),
    fecha_registro DATE,
    correo VARCHAR(120),
    activo BOOLEAN NOT NULL DEFAULT TRUE
);

CREATE TABLE meta_mensual (
    codigo_sucursal VARCHAR(10) REFERENCES sucursal(codigo_sucursal),
    periodo DATE NOT NULL,
    meta_ventas NUMERIC(12,2) NOT NULL,
    meta_clientes INTEGER,
    PRIMARY KEY (codigo_sucursal, periodo)
);

CREATE TABLE encuesta_satisfaccion (
    id_encuesta INTEGER GENERATED BY DEFAULT AS IDENTITY PRIMARY KEY,
    fecha DATE NOT NULL,
    codigo_sucursal VARCHAR(10) REFERENCES sucursal(codigo_sucursal),
    documento_cliente VARCHAR(25),
    puntuacion INTEGER,
    tiempo_espera_minutos INTEGER,
    comentario VARCHAR(300)
);

CREATE INDEX idx_cliente_documento ON cliente(documento);
CREATE INDEX idx_encuesta_fecha ON encuesta_satisfaccion(fecha);
CREATE INDEX idx_meta_periodo ON meta_mensual(periodo);


INSERT INTO zona (codigo_zona,nombre,responsable) VALUES
('ZN','Zona Norte','Ana Torres'),
('ZC','Zona Centro','Luis Paredes'),
('ZS','Zona Sur','María Silva'),
('ZV','Zona Valle','Carlos Ruiz');

INSERT INTO sucursal (codigo_sucursal,nombre_oficial,codigo_zona,ciudad,direccion,latitud,longitud,fecha_apertura,activa) VALUES
('NORTE','Farmacia Norte','ZN','Quito','Av. 10 de Agosto N45-20',-0.180653,-78.484321,'2022-02-01',TRUE),
('CENTRO','Farmacia Centro Histórico','ZC','Quito','Guayaquil y Chile',-0.220164,-78.512327,'2020-08-15',TRUE),
('SUR','Farmacia del Sur','ZS','Quito','Av. Maldonado S25-10',-0.28511,-78.5489,'2023-01-10',TRUE),
('VALLE','Farmacia Valle de los Chillos','ZV','Sangolquí','Av. Calderón 101',-0.33412,-78.4498,'2024-04-20',TRUE);

INSERT INTO segmento_cliente (codigo_segmento,nombre,descripcion) VALUES
('NUEVO','Cliente nuevo','Registrado hace menos de seis meses'),
('FREC','Frecuente','Compra regularmente'),
('VIP','Cliente VIP','Alto valor y frecuencia'),
('INACT','Inactivo','Sin compras recientes');

INSERT INTO cliente (documento,nombres,ciudad,fecha_nacimiento,sexo,codigo_segmento,fecha_registro,correo,activo) VALUES
('1712345601','Valeria Torres','quito','1975-04-12','F','VIP','2025-03-06','valeria_torres@correo.com',TRUE),
('1712345602','Sofía Almeida','Quito ','1982-07-23','F','NUEVO','2026-05-11','sofia_almeida@correo.com',TRUE),
('1712345603','Elena Cruz','Sangolquí','1989-10-07','F','FREC','2024-07-16','elena_cruz@correo.com',TRUE),
('1712345604','Luis Rodríguez','Cumbayá','1996-01-18','M','FREC','2025-09-21','luis_rodriguez@correo.com',TRUE),
('1712345605','Carlos Torres',NULL,'2003-04-02','M','INACT','2026-11-26','carlos_torres@correo.com',TRUE),
('1712345606','Camila Almeida','Quito','1972-07-13','F','FREC','2024-01-04','camila_almeida@correo.com',TRUE),
('1712345607','Fernando Cruz','quito','1979-10-24','M','VIP','2025-03-09','fernando_cruz@correo.com',TRUE),
('1712345608','Ana Rodríguez','Quito ','1986-01-08','F','NUEVO','2026-05-14','ana_rodriguez@correo.com',TRUE),
('1712345609','Andrea Torres','Sangolquí','1993-04-19','F','FREC','2024-07-19','andrea_torres@correo.com',TRUE),
('1712345610','Miguel Almeida','Cumbayá','2000-07-03','M','FREC','2025-09-24','miguel_almeida@correo.com',TRUE),
('1712345611','Gabriela Cruz',NULL,'1969-10-14','F','INACT','2026-11-02','gabriela_cruz@correo.com',TRUE),
('1712345612','José Rodríguez','Quito','1976-01-25','M','FREC','2024-01-07','jose_rodriguez@correo.com',TRUE),
('1712345613','María Torres','quito','1983-04-09','F','VIP','2025-03-12','maria_torres@correo.com',TRUE),
('1712345614','Diego Almeida','Quito ','1990-07-20','M','NUEVO','2026-05-17','diego_almeida@correo.com',TRUE),
('1712345615','Jorge Cruz','Sangolquí','1997-10-04','M','FREC','2024-07-22','jorge_cruz@correo.com',TRUE),
('1712345616','Roberto Rodríguez','Cumbayá','2004-01-15','M','FREC','2025-09-27','roberto_rodriguez@correo.com',TRUE),
('1712345617 ','Lucía Torres',NULL,'1973-04-26','F','INACT','2026-11-05','lucia_torres@correo.com',TRUE),
('1712345618','Daniela Almeida','Quito','1980-07-10','F','FREC','2024-01-10','daniela_almeida@correo.com',TRUE),
('1712345619','Teresa Cruz','quito','1987-10-21','F','VIP','2025-03-15','teresa_cruz@correo.com',TRUE),
('1712345620','Paola Rodríguez','Quito ','1994-01-05','F','NUEVO','2026-05-20','paola_rodriguez@correo.com',TRUE),
('1712345621','Valeria Torres','Sangolquí','2001-04-16','F','FREC','2024-07-25','valeria_torres@correo.com',TRUE),
('1712345622','Sofía Almeida','Cumbayá','1970-07-27','F','FREC','2025-09-03','sofia_almeida@correo.com',TRUE),
('1712345623','Elena Cruz',NULL,'1977-10-11','F','INACT','2026-11-08','elena_cruz@correo.com',TRUE),
('1712345624','Luis Rodríguez','Quito','1984-01-22','M','FREC','2024-01-13','luis_rodriguez@correo.com',TRUE),
('1712345625','Carlos Torres','quito','1991-04-06','M','VIP','2025-03-18','carlos_torres@correo.com',TRUE),
('1712345626','Camila Almeida','Quito ','1998-07-17','F','NUEVO','2026-05-23','camila_almeida@correo.com',TRUE),
('1712345627','Fernando Cruz','Sangolquí','2005-10-01','M','FREC','2024-07-01','fernando_cruz@correo.com',TRUE),
('1712345628','Ana Rodríguez','Cumbayá','1974-01-12','F','FREC','2025-09-06','ana_rodriguez@correo.com',TRUE),
('1712345629','Andrea Torres',NULL,'1981-04-23','F','INACT','2026-11-11','andrea_torres@correo.com',TRUE),
('1712345630','Miguel Almeida','Quito','1988-07-07','M','FREC','2024-01-16','miguel_almeida@correo.com',TRUE),
('1712345631','Gabriela Cruz','quito','1995-10-18','F','VIP','2025-03-21','gabriela_cruz@correo.com',TRUE),
('1712345632','José Rodríguez','Quito ','2002-01-02','M','NUEVO','2026-05-26','jose_rodriguez@correo.com',TRUE),
('171-234-5633','María Torres','Sangolquí','1971-04-13','F','FREC','2024-07-04','maria_torres@correo.com',TRUE),
('1712345634','Diego Almeida','Cumbayá','1978-07-24','M','FREC','2025-09-09','diego_almeida@correo.com',TRUE),
('1712345635','Jorge Cruz',NULL,'1985-10-08','M','INACT','2026-11-14','jorge_cruz@correo.com',TRUE),
('1712345636','Roberto Rodríguez','Quito','1992-01-19','M','FREC','2024-01-19','roberto_rodriguez@correo.com',TRUE),
('1712345637','Lucía Torres','quito','1999-04-03','F','VIP','2025-03-24','lucia_torres@correo.com',TRUE),
('1712345638','Daniela Almeida','Quito ','1968-07-14','F','NUEVO','2026-05-02','daniela_almeida@correo.com',TRUE),
('1712345639','Teresa Cruz','Sangolquí','1975-10-25','F','FREC','2024-07-07','teresa_cruz@correo.com',TRUE),
('1712345640','Paola Rodríguez','Cumbayá','1982-01-09','F','FREC','2025-09-12','paola_rodriguez@correo.com',TRUE),
('1712345641','Valeria Torres',NULL,'1989-04-20','F','INACT','2026-11-17','valeria_torres@correo.com',TRUE),
('1712345642','Sofía Almeida','Quito','1996-07-04','F','FREC','2024-01-22','sofia_almeida@correo.com',TRUE),
('1712345643','Elena Cruz','quito','2003-10-15','F','VIP','2025-03-27','elena_cruz@correo.com',TRUE),
('1712345644','Luis Rodríguez','Quito ','1972-01-26','M','NUEVO','2026-05-05','luis_rodriguez@correo.com',TRUE),
('1712345645','Carlos Torres','Sangolquí','1979-04-10','M','FREC','2024-07-10','carlos_torres@correo.com',TRUE),
('1712345646','Camila Almeida','Cumbayá','1986-07-21','F','FREC','2025-09-15','camila_almeida@correo.com',TRUE),
('1712345647','Fernando Cruz',NULL,'1993-10-05','M','INACT','2026-11-20','fernando_cruz@correo.com',TRUE),
('1712345648','Ana Rodríguez','Quito','2000-01-16','F','FREC','2024-01-25','ana_rodriguez@correo.com',TRUE),
('1712345649','Andrea Torres','quito','1969-04-27','F','VIP','2025-03-03','andrea_torres@correo.com',TRUE),
('1712345650','Miguel Almeida','Quito ','1976-07-11','M','NUEVO','2026-05-08','miguel_almeida@correo.com',TRUE),
('1712345651','Gabriela Cruz','Sangolquí','1983-10-22','F','FREC','2024-07-13','gabriela_cruz@correo.com',TRUE),
('1712345652','José Rodríguez','Cumbayá','1990-01-06','M','FREC','2025-09-18','jose_rodriguez@correo.com',TRUE),
('1712345653','María Torres',NULL,'1997-04-17','F','INACT','2026-11-23','maria_torres@correo.com',TRUE),
('1712345654','Diego Almeida','Quito','2004-07-01','M','FREC','2024-01-01','diego_almeida@correo.com',TRUE),
('1712345655','Jorge Cruz','quito','1973-10-12','M','VIP','2025-03-06','jorge_cruz@correo.com',TRUE),
('1712345656','Roberto Rodríguez','Quito ','1980-01-23','M','NUEVO','2026-05-11','roberto_rodriguez@correo.com',TRUE),
('1712345657','Lucía Torres','Sangolquí','1987-04-07','F','FREC','2024-07-16','lucia_torres@correo.com',TRUE),
('1712345658','Daniela Almeida','Cumbayá','1994-07-18','F','FREC','2025-09-21','daniela_almeida@correo.com',TRUE),
('1712345659','Teresa Cruz',NULL,'2001-10-02','F','INACT','2026-11-26','teresa_cruz@correo.com',TRUE),
('1712345660','Paola Rodríguez','Quito','1970-01-13','F','FREC','2024-01-04','paola_rodriguez@correo.com',TRUE),
('1712345661','Valeria Torres','quito','1977-04-24','F','VIP','2025-03-09','valeria_torres@correo.com',TRUE),
('1712345662','Sofía Almeida','Quito ','1984-07-08','F','NUEVO','2026-05-14','sofia_almeida@correo.com',TRUE),
('1712345663','Elena Cruz','Sangolquí','1991-10-19','F','FREC','2024-07-19','elena_cruz@correo.com',TRUE),
('1712345664','Luis Rodríguez','Cumbayá','1998-01-03','M','FREC','2025-09-24','luis_rodriguez@correo.com',TRUE),
('1712345665','Carlos Torres',NULL,'2005-04-14','M','INACT','2026-11-02','carlos_torres@correo.com',TRUE),
('1712345605','Camila Almeida','Quito','1974-07-25','F','FREC','2024-01-07','camila_almeida@correo.com',TRUE),
('1712345667','Fernando Cruz','quito','1981-10-09','M','VIP','2025-03-12','fernando_cruz@correo.com',TRUE),
('1712345668','Ana Rodríguez','Quito ','1988-01-20','F','NUEVO','2026-05-17','ana_rodriguez@correo.com',TRUE),
('1712345669','Andrea Torres','Sangolquí','1995-04-04','F','FREC','2024-07-22','andrea_torres@correo.com',TRUE),
('1712345670','Miguel Almeida','Cumbayá','2002-07-15','M','FREC','2025-09-27','miguel_almeida@correo.com',TRUE),
('1712345671','Gabriela Cruz',NULL,'1971-10-26','F','INACT','2026-11-05','gabriela_cruz@correo.com',TRUE),
('1712345672','José Rodríguez','Quito','1978-01-10','M','FREC','2024-01-10','jose_rodriguez@correo.com',TRUE),
('1712345673','María Torres','quito','1985-04-21','F','VIP','2025-03-15','maria_torres@correo.com',TRUE),
('1712345674','Diego Almeida','Quito ','1992-07-05','M','NUEVO','2026-05-20','diego_almeida@correo.com',TRUE),
('1712345675','Jorge Cruz','Sangolquí','1999-10-16','M','FREC','2024-07-25','jorge_cruz@correo.com',TRUE),
('1712345676','Roberto Rodríguez','Cumbayá','1968-01-27','M','FREC','2025-09-03','roberto_rodriguez@correo.com',TRUE),
('1712345677','Lucía Torres',NULL,'1975-04-11','F','INACT','2026-11-08','lucia_torres@correo.com',TRUE),
('1712345678','Daniela Almeida','Quito','1982-07-22','F','FREC','2024-01-13','daniela_almeida@correo.com',TRUE),
('1712345679','Teresa Cruz','quito','1989-10-06','F','VIP','2025-03-18','teresa_cruz@correo.com',TRUE),
('1712345680','Paola Rodríguez','Quito ','1996-01-17','F','NUEVO','2026-05-23','paola_rodriguez@correo.com',TRUE),
('1712345681','Valeria Torres','Sangolquí','2003-04-01','F','FREC','2024-07-01','valeria_torres@correo.com',TRUE),
('1712345682','Sofía Almeida','Cumbayá','1972-07-12','F','FREC','2025-09-06','sofia_almeida@correo.com',TRUE),
('1712345683','Elena Cruz',NULL,'1979-10-23','F','INACT','2026-11-11','elena_cruz@correo.com',TRUE),
('1712345684','Luis Rodríguez','Quito','1986-01-07','M','FREC','2024-01-16','luis_rodriguez@correo.com',TRUE),
('1712345685','Carlos Torres','quito','1993-04-18','M','VIP','2025-03-21','carlos_torres@correo.com',TRUE),
('1712345686','Camila Almeida','Quito ','2000-07-02','F','NUEVO','2026-05-26','camila_almeida@correo.com',TRUE),
('1712345687','Fernando Cruz','Sangolquí','1969-10-13','M','FREC','2024-07-04','fernando_cruz@correo.com',TRUE),
('1712345688','Ana Rodríguez','Cumbayá','1976-01-24','F','FREC','2025-09-09','ana_rodriguez@correo.com',TRUE),
('1712345689','Andrea Torres',NULL,'1983-04-08','F','INACT','2026-11-14','andrea_torres@correo.com',TRUE),
('1712345690','Miguel Almeida','Quito','1990-07-19','M','FREC','2024-01-19','miguel_almeida@correo.com',TRUE),
('1712345691','Gabriela Cruz','quito','1997-10-03','F','VIP','2025-03-24','gabriela_cruz@correo.com',TRUE),
('1712345692','José Rodríguez','Quito ','2004-01-14','M','NUEVO','2026-05-02','jose_rodriguez@correo.com',TRUE),
('1712345693','María Torres','Sangolquí','1973-04-25','F','FREC','2024-07-07','maria_torres@correo.com',TRUE),
('1712345694','Diego Almeida','Cumbayá','1980-07-09','M','FREC','2025-09-12','diego_almeida@correo.com',TRUE),
('1712345695','Jorge Cruz',NULL,'1987-10-20','M','INACT','2026-11-17','jorge_cruz@correo.com',TRUE),
('1712345696','Roberto Rodríguez','Quito','1994-01-04','M','FREC','2024-01-22','roberto_rodriguez@correo.com',TRUE),
('1712345697','Lucía Torres','quito','2001-04-15','F','VIP','2025-03-27','lucia_torres@correo.com',TRUE),
('1712345698','Daniela Almeida','Quito ','1970-07-26','F','NUEVO','2026-05-05','daniela_almeida@correo.com',TRUE),
('1712345699','Teresa Cruz','Sangolquí','1977-10-10','F','FREC','2024-07-10','teresa_cruz@correo.com',TRUE),
('1712345700','Paola Rodríguez','Cumbayá','1984-01-21','F','FREC','2025-09-15','paola_rodriguez@correo.com',TRUE);

INSERT INTO meta_mensual (codigo_sucursal,periodo,meta_ventas,meta_clientes) VALUES
('NORTE','2025-01-01',2600.0,85),
('CENTRO','2025-01-01',1900.0,97),
('SUR','2025-01-01',1700.0,109),
('VALLE','2025-01-01',2300.0,121),
('NORTE','2025-02-01',2665.0,90),
('CENTRO','2025-02-01',1947.5,102),
('SUR','2025-02-01',1742.5,114),
('VALLE','2025-02-01',2357.5,126),
('NORTE','2025-03-01',2730.0,95),
('CENTRO','2025-03-01',1995.0,107),
('SUR','2025-03-01',1785.0,119),
('VALLE','2025-03-01',2415.0,131),
('NORTE','2025-04-01',2795.0,80),
('CENTRO','2025-04-01',2042.5,92),
('SUR','2025-04-01',1827.5,104),
('VALLE','2025-04-01',2472.5,116),
('NORTE','2025-05-01',2860.0,85),
('CENTRO','2025-05-01',2090.0,97),
('SUR','2025-05-01',1870.0,109),
('VALLE','2025-05-01',2530.0,121),
('NORTE','2025-06-01',2925.0,90),
('CENTRO','2025-06-01',2137.5,102),
('SUR','2025-06-01',1912.5,114),
('VALLE','2025-06-01',2587.5,126),
('NORTE','2025-07-01',2990.0,95),
('CENTRO','2025-07-01',2185.0,107),
('SUR','2025-07-01',1955.0,119),
('VALLE','2025-07-01',2645.0,131),
('NORTE','2025-08-01',3055.0,80),
('CENTRO','2025-08-01',2232.5,92),
('SUR','2025-08-01',1997.5,104),
('VALLE','2025-08-01',2702.5,116),
('NORTE','2025-09-01',3120.0,85),
('CENTRO','2025-09-01',2280.0,97),
('SUR','2025-09-01',2040.0,109),
('VALLE','2025-09-01',2760.0,121),
('NORTE','2025-10-01',3185.0,90),
('CENTRO','2025-10-01',2327.5,102),
('SUR','2025-10-01',2082.5,114),
('VALLE','2025-10-01',2817.5,126),
('NORTE','2025-11-01',3250.0,95),
('CENTRO','2025-11-01',2375.0,107),
('SUR','2025-11-01',2125.0,119),
('VALLE','2025-11-01',2875.0,131),
('NORTE','2025-12-01',3315.0,80),
('CENTRO','2025-12-01',2422.5,92),
('SUR','2025-12-01',2167.5,104),
('VALLE','2025-12-01',2932.5,116),
('NORTE','2026-01-01',2912.0,85),
('CENTRO','2026-01-01',2128.0,97),
('SUR','2026-01-01',1904.0,109),
('VALLE','2026-01-01',2576.0,121),
('NORTE','2026-02-01',2977.0,90),
('CENTRO','2026-02-01',2175.5,102),
('SUR','2026-02-01',1946.5,114),
('VALLE','2026-02-01',2633.5,126),
('NORTE','2026-03-01',3042.0,95),
('CENTRO','2026-03-01',2223.0,107),
('SUR','2026-03-01',1989.0,119),
('VALLE','2026-03-01',2691.0,131),
('NORTE','2026-04-01',3107.0,80),
('CENTRO','2026-04-01',2270.5,92),
('SUR','2026-04-01',2031.5,104),
('VALLE','2026-04-01',2748.5,116),
('NORTE','2026-05-01',3172.0,85),
('CENTRO','2026-05-01',2318.0,97),
('SUR','2026-05-01',2074.0,109),
('VALLE','2026-05-01',2806.0,121),
('NORTE','2026-06-01',3237.0,90),
('CENTRO','2026-06-01',2365.5,102),
('SUR','2026-06-01',2116.5,114),
('VALLE','2026-06-01',2863.5,126),
('NORTE','2026-07-01',3302.0,95),
('CENTRO','2026-07-01',2413.0,107),
('SUR','2026-07-01',2159.0,119),
('VALLE','2026-07-01',2921.0,131),
('NORTE','2026-08-01',3367.0,80),
('CENTRO','2026-08-01',2460.5,92),
('SUR','2026-08-01',2201.5,104),
('VALLE','2026-08-01',2978.5,116),
('NORTE','2026-09-01',3432.0,85),
('CENTRO','2026-09-01',2508.0,97),
('SUR','2026-09-01',2244.0,109),
('VALLE','2026-09-01',3036.0,121),
('NORTE','2026-10-01',3497.0,90),
('CENTRO','2026-10-01',2555.5,102),
('SUR','2026-10-01',2286.5,114),
('VALLE','2026-10-01',3093.5,126),
('NORTE','2026-11-01',3562.0,95),
('CENTRO','2026-11-01',2603.0,107),
('SUR','2026-11-01',2329.0,119),
('VALLE','2026-11-01',3151.0,131),
('NORTE','2026-12-01',3627.0,80),
('CENTRO','2026-12-01',2650.5,92),
('SUR','2026-12-01',2371.5,104),
('VALLE','2026-12-01',3208.5,116);

INSERT INTO encuesta_satisfaccion (fecha,codigo_sucursal,documento_cliente,puntuacion,tiempo_espera_minutos,comentario) VALUES
('2025-01-01','CENTRO','1712345610',2,7,'Excelente servicio'),
('2025-01-01','SUR','1712345611',3,18,'Faltó medicamento solicitado'),
('2025-01-02','SUR','1712345619',3,10,'Faltó medicamento solicitado'),
('2025-01-02','VALLE','1712345620',4,21,'Demasiada espera'),
('2025-01-03','VALLE','1712345628',4,13,'Demasiada espera'),
('2025-01-03','NORTE','1712345629',5,24,'Poca información al cliente'),
('2025-01-04','NORTE','1712345637',5,16,'Poca información al cliente'),
('2025-01-04','CENTRO','1712345638',1,27,'Local cómodo'),
('2025-01-05','CENTRO','1712345646',1,19,'Local cómodo'),
('2025-01-05','SUR','1712345647',2,30,'Proceso ágil'),
('2025-01-06','SUR','1712345655',2,22,'Proceso ágil'),
('2025-01-06','VALLE','1712345656',3,33,'Pocos productos disponibles'),
('2025-01-07','VALLE','1712345664',3,25,'Pocos productos disponibles'),
('2025-01-07','NORTE','1712345665',4,36,'Atención rápida'),
('2025-01-08','NORTE','1712345673',4,28,'Atención rápida'),
('2025-01-08','CENTRO','1712345674',5,39,'Excelente servicio'),
('2025-01-09','CENTRO','1712345682',5,31,'Excelente servicio'),
('2025-01-09','SUR','1712345683',1,4,'Faltó medicamento solicitado'),
('2025-01-10','SUR','1712345691',1,34,'Faltó medicamento solicitado'),
('2025-01-10','VALLE','1712345692',2,7,'Demasiada espera'),
('2025-01-11','VALLE','1712345700',2,37,'Demasiada espera'),
('2025-01-11','NORTE','1712345601',3,10,'Poca información al cliente'),
('2025-01-12','NORTE','1712345609',3,40,'Poca información al cliente'),
('2025-01-12','CENTRO','1712345610',4,13,'Local cómodo'),
('2025-01-13','CENTRO','1712345618',4,5,'Local cómodo'),
('2025-01-13','SUR','1712345619',5,16,'Proceso ágil'),
('2025-01-14','SUR','1712345627',5,8,'Proceso ágil'),
('2025-01-14','VALLE','1712345628',1,19,'Pocos productos disponibles'),
('2025-01-15','VALLE','1712345636',1,11,'Pocos productos disponibles'),
('2025-01-15','NORTE','1712345637',2,22,'Atención rápida'),
('2025-01-16','NORTE','1712345645',2,14,'Atención rápida'),
('2025-01-16','CENTRO','1712345646',3,25,'Excelente servicio'),
('2025-01-17','CENTRO','1712345654',3,17,'Excelente servicio'),
('2025-01-17','SUR','1712345655',4,28,'Faltó medicamento solicitado'),
('2025-01-18','SUR','1712345663',4,20,'Faltó medicamento solicitado'),
('2025-01-18','VALLE','1712345664',5,31,'Demasiada espera'),
('2025-01-19','VALLE','1712345672',5,23,'Demasiada espera'),
('2025-01-19','NORTE','1712345673',1,34,'Poca información al cliente'),
('2025-01-20','NORTE','1712345681',1,26,'Poca información al cliente'),
('2025-01-20','CENTRO','1712345682',2,37,'Local cómodo'),
('2025-01-21','CENTRO','1712345690',2,29,'Local cómodo'),
('2025-01-21','SUR','1712345691',3,40,'Proceso ágil'),
('2025-01-22','SUR','1712345699',3,32,'Proceso ágil'),
('2025-01-22','VALLE','1712345700',4,5,'Pocos productos disponibles'),
('2025-01-23','VALLE','1712345608',4,35,'Pocos productos disponibles'),
('2025-01-23','NORTE','1712345609',5,8,'Atención rápida'),
('2025-01-24','NORTE','1712345617',5,38,'Atención rápida'),
('2025-01-24','CENTRO','1712345618',1,11,'Excelente servicio'),
('2025-01-25','CENTRO','1712345626',1,41,'Excelente servicio'),
('2025-01-25','SUR','1712345627',2,14,'Faltó medicamento solicitado'),
('2025-01-26','SUR','1712345635',2,6,'Faltó medicamento solicitado'),
('2025-01-26','VALLE','1712345636',3,17,'Demasiada espera'),
('2025-01-27','VALLE','1712345644',3,9,'Demasiada espera'),
('2025-01-27','NORTE','1712345645',4,20,'Poca información al cliente'),
('2025-01-28','NORTE','1712345653',4,12,'Poca información al cliente'),
('2025-01-28','CENTRO','1712345654',5,23,'Local cómodo'),
('2025-01-29','CENTRO','1712345662',5,15,'Local cómodo'),
('2025-01-29','SUR','1712345663',1,26,'Proceso ágil'),
('2025-01-30','SUR','1712345671',1,18,'Proceso ágil'),
('2025-01-30','VALLE','1712345672',2,29,'Pocos productos disponibles'),
('2025-01-31','VALLE','1712345680',2,21,'Pocos productos disponibles'),
('2025-01-31','NORTE','1712345681',3,32,'Atención rápida'),
('2025-02-01','NORTE','1712345689',3,24,'Atención rápida'),
('2025-02-01','CENTRO','1712345690',4,35,'Excelente servicio'),
('2025-02-02','CENTRO','1712345698',4,27,'Excelente servicio'),
('2025-02-02','SUR','1712345699',5,38,'Faltó medicamento solicitado'),
('2025-02-03','SUR','1712345607',5,30,'Faltó medicamento solicitado'),
('2025-02-03','VALLE','1712345608',1,41,'Demasiada espera'),
('2025-02-04','VALLE','1712345616',1,33,'Demasiada espera'),
('2025-02-04','NORTE','1712345617',2,6,'Poca información al cliente'),
('2025-02-05','NORTE','1712345625',2,36,'Poca información al cliente'),
('2025-02-05','CENTRO','1712345626',3,9,'Local cómodo'),
('2025-02-06','CENTRO','1712345634',3,39,'Local cómodo'),
('2025-02-06','SUR','1712345635',4,12,'Proceso ágil'),
('2025-02-07','SUR','1712345643',4,4,'Proceso ágil'),
('2025-02-07','VALLE','1712345644',5,15,'Pocos productos disponibles'),
('2025-02-08','VALLE','1712345652',5,7,'Pocos productos disponibles'),
('2025-02-08','NORTE','1712345653',1,18,'Atención rápida'),
('2025-02-09','NORTE','1712345661',1,10,'Atención rápida'),
('2025-02-09','CENTRO','1712345662',2,21,'Excelente servicio'),
('2025-02-10','CENTRO','1712345670',2,13,'Excelente servicio'),
('2025-02-10','SUR','1712345671',3,24,'Faltó medicamento solicitado'),
('2025-02-11','SUR','1712345679',3,16,'Faltó medicamento solicitado'),
('2025-02-11','VALLE','1712345680',4,27,'Demasiada espera'),
('2025-02-12','VALLE','1712345688',4,19,'Demasiada espera'),
('2025-02-12','NORTE','1712345689',5,30,'Poca información al cliente'),
('2025-02-13','NORTE','1712345697',5,22,'Poca información al cliente'),
('2025-02-13','CENTRO','1712345698',1,33,'Local cómodo'),
('2025-02-14','CENTRO','1712345606',1,25,'Local cómodo'),
('2025-02-14','SUR','1712345607',2,36,'Proceso ágil'),
('2025-02-15','SUR','1712345615',2,28,'Proceso ágil'),
('2025-02-15','VALLE','1712345616',3,39,'Pocos productos disponibles'),
('2025-02-16','VALLE','1712345624',3,31,'Pocos productos disponibles'),
('2025-02-16','NORTE','1712345625',4,4,'Atención rápida'),
('2025-02-17','NORTE','1712345633',4,34,'Atención rápida'),
('2025-02-17','CENTRO','1712345634',5,7,'Excelente servicio'),
('2025-02-18','CENTRO','1712345642',5,37,'Excelente servicio'),
('2025-02-18','SUR','1712345643',1,10,'Faltó medicamento solicitado'),
('2025-02-19','SUR','1712345651',1,40,'Faltó medicamento solicitado'),
('2025-02-19','VALLE','1712345652',2,13,'Demasiada espera'),
('2025-02-20','VALLE','1712345660',2,5,'Demasiada espera'),
('2025-02-20','NORTE','1712345661',3,16,'Poca información al cliente'),
('2025-02-21','NORTE','1712345669',3,8,'Poca información al cliente'),
('2025-02-21','CENTRO','1712345670',4,19,'Local cómodo'),
('2025-02-22','CENTRO','1712345678',4,11,'Local cómodo'),
('2025-02-22','SUR','1712345679',5,22,'Proceso ágil'),
('2025-02-23','SUR','1712345687',5,14,'Proceso ágil'),
('2025-02-23','VALLE','1712345688',1,25,'Pocos productos disponibles'),
('2025-02-24','VALLE','1712345696',1,17,'Pocos productos disponibles'),
('2025-02-24','NORTE','1712345697',2,28,'Atención rápida'),
('2025-02-25','NORTE','1712345605',2,20,'Atención rápida'),
('2025-02-25','CENTRO','1712345606',3,31,'Excelente servicio'),
('2025-02-26','CENTRO','1712345614',3,23,'Excelente servicio'),
('2025-02-26','SUR','1712345615',4,34,'Faltó medicamento solicitado'),
('2025-02-27','SUR','1712345623',4,26,'Faltó medicamento solicitado'),
('2025-02-27','VALLE','1712345624',5,37,'Demasiada espera'),
('2025-02-28','VALLE','1712345632',5,29,'Demasiada espera'),
('2025-02-28','NORTE','1712345633',1,40,'Poca información al cliente'),
('2025-03-01','NORTE','1712345641',1,32,'Poca información al cliente'),
('2025-03-01','CENTRO','1712345642',2,5,'Local cómodo'),
('2025-03-02','CENTRO','1712345650',2,35,'Local cómodo'),
('2025-03-02','SUR','1712345651',3,8,'Proceso ágil'),
('2025-03-03','SUR','1712345659',3,38,'Proceso ágil'),
('2025-03-03','VALLE','1712345660',4,11,'Pocos productos disponibles'),
('2025-03-04','VALLE','1712345668',4,41,'Pocos productos disponibles'),
('2025-03-04','NORTE','1712345669',5,14,'Atención rápida'),
('2025-03-05','NORTE','1712345677',5,6,'Atención rápida'),
('2025-03-05','CENTRO','1712345678',1,17,'Excelente servicio'),
('2025-03-06','CENTRO','1712345686',1,9,'Excelente servicio'),
('2025-03-06','SUR','1712345687',2,20,'Faltó medicamento solicitado'),
('2025-03-07','SUR','1712345695',2,12,'Faltó medicamento solicitado'),
('2025-03-07','VALLE','1712345696',3,23,'Demasiada espera'),
('2025-03-08','VALLE','1712345604',3,15,'Demasiada espera'),
('2025-03-08','NORTE','1712345605',4,26,'Poca información al cliente'),
('2025-03-09','NORTE','1712345613',4,18,'Poca información al cliente'),
('2025-03-09','CENTRO','1712345614',5,29,'Local cómodo'),
('2025-03-10','CENTRO','1712345622',5,21,'Local cómodo'),
('2025-03-10','SUR','1712345623',1,32,'Proceso ágil'),
('2025-03-11','SUR','1712345631',1,24,'Proceso ágil'),
('2025-03-11','VALLE','1712345632',2,35,'Pocos productos disponibles'),
('2025-03-12','VALLE','1712345640',2,27,'Pocos productos disponibles'),
('2025-03-12','NORTE','1712345641',3,38,'Atención rápida'),
('2025-03-13','NORTE','1712345649',3,30,'Atención rápida'),
('2025-03-13','CENTRO','1712345650',4,41,'Excelente servicio'),
('2025-03-14','CENTRO','1712345658',4,33,'Excelente servicio'),
('2025-03-14','SUR','1712345659',5,6,'Faltó medicamento solicitado'),
('2025-03-15','SUR','1712345667',5,36,'Faltó medicamento solicitado'),
('2025-03-15','VALLE','1712345668',1,9,'Demasiada espera'),
('2025-03-16','VALLE','1712345676',1,39,'Demasiada espera'),
('2025-03-16','NORTE','1712345677',2,12,'Poca información al cliente'),
('2025-03-17','NORTE','1712345685',2,4,'Poca información al cliente'),
('2025-03-17','CENTRO','1712345686',3,15,'Local cómodo'),
('2025-03-18','CENTRO','1712345694',3,7,'Local cómodo'),
('2025-03-18','SUR','1712345695',4,18,'Proceso ágil'),
('2025-03-19','SUR','1712345603',4,10,'Proceso ágil'),
('2025-03-19','VALLE','1712345604',5,21,'Pocos productos disponibles'),
('2025-03-20','VALLE','1712345612',5,13,'Pocos productos disponibles'),
('2025-03-20','NORTE','1712345613',1,24,'Atención rápida'),
('2025-03-21','NORTE','1712345621',1,16,'Atención rápida'),
('2025-03-21','CENTRO','1712345622',2,27,'Excelente servicio'),
('2025-03-22','CENTRO','1712345630',2,19,'Excelente servicio'),
('2025-03-22','SUR','1712345631',3,30,'Faltó medicamento solicitado'),
('2025-03-23','SUR','1712345639',3,22,'Faltó medicamento solicitado'),
('2025-03-23','VALLE','1712345640',4,33,'Demasiada espera'),
('2025-03-24','VALLE','1712345648',4,25,'Demasiada espera'),
('2025-03-24','NORTE','1712345649',5,36,'Poca información al cliente'),
('2025-03-25','NORTE','1712345657',5,28,'Poca información al cliente'),
('2025-03-25','CENTRO','1712345658',1,39,'Local cómodo'),
('2025-03-26','CENTRO','1712345666',1,31,'Local cómodo'),
('2025-03-26','SUR','1712345667',2,4,'Proceso ágil'),
('2025-03-27','SUR','1712345675',2,34,'Proceso ágil'),
('2025-03-27','VALLE','1712345676',3,7,'Pocos productos disponibles'),
('2025-03-28','VALLE','1712345684',3,37,'Pocos productos disponibles'),
('2025-03-28','NORTE','1712345685',4,10,'Atención rápida'),
('2025-03-29','NORTE','1712345693',4,40,'Atención rápida'),
('2025-03-29','CENTRO','1712345694',5,13,'Excelente servicio'),
('2025-03-30','CENTRO','1712345602',5,5,'Excelente servicio'),
('2025-03-30','SUR','1712345603',1,16,'Faltó medicamento solicitado'),
('2025-03-31','SUR','1712345611',1,8,'Faltó medicamento solicitado'),
('2025-03-31','VALLE','1712345612',2,19,'Demasiada espera'),
('2025-04-01','VALLE','1712345620',2,11,'Demasiada espera'),
('2025-04-01','NORTE','1712345621',3,22,'Poca información al cliente'),
('2025-04-02','NORTE','1712345629',3,14,'Poca información al cliente'),
('2025-04-02','CENTRO','1712345630',4,25,'Local cómodo'),
('2025-04-03','CENTRO','1712345638',4,17,'Local cómodo'),
('2025-04-03','SUR','1712345639',5,28,'Proceso ágil'),
('2025-04-04','SUR','1712345647',5,20,'Proceso ágil'),
('2025-04-04','VALLE','1712345648',1,31,'Pocos productos disponibles'),
('2025-04-05','VALLE','1712345656',1,23,'Pocos productos disponibles'),
('2025-04-05','NORTE','1712345657',2,34,'Atención rápida'),
('2025-04-06','NORTE','1712345665',2,26,'Atención rápida'),
('2025-04-06','CENTRO','1712345666',3,37,'Excelente servicio'),
('2025-04-07','CENTRO','1712345674',3,29,'Excelente servicio'),
('2025-04-07','SUR','1712345675',4,40,'Faltó medicamento solicitado'),
('2025-04-08','SUR','1712345683',4,32,'Faltó medicamento solicitado'),
('2025-04-08','VALLE','1712345684',5,5,'Demasiada espera'),
('2025-04-09','VALLE','1712345692',5,35,'Demasiada espera'),
('2025-04-09','NORTE','1712345693',1,8,'Poca información al cliente'),
('2025-04-10','NORTE','1712345601',1,38,'Poca información al cliente'),
('2025-04-10','CENTRO','1712345602',2,11,'Local cómodo'),
('2025-04-11','CENTRO','1712345610',2,41,'Local cómodo'),
('2025-04-11','SUR','1712345611',3,14,'Proceso ágil'),
('2025-04-12','SUR','1712345619',3,6,'Proceso ágil'),
('2025-04-12','VALLE','1712345620',4,17,'Pocos productos disponibles'),
('2025-04-13','VALLE','1712345628',4,9,'Pocos productos disponibles'),
('2025-04-13','NORTE','1712345629',5,20,'Atención rápida'),
('2025-04-14','NORTE','1712345637',5,12,'Atención rápida'),
('2025-04-14','CENTRO','1712345638',1,23,'Excelente servicio'),
('2025-04-15','CENTRO','1712345646',1,15,'Excelente servicio'),
('2025-04-15','SUR','1712345647',2,26,'Faltó medicamento solicitado'),
('2025-04-16','SUR','1712345655',2,18,'Faltó medicamento solicitado'),
('2025-04-16','VALLE','1712345656',3,29,'Demasiada espera'),
('2025-04-17','VALLE','1712345664',3,21,'Demasiada espera'),
('2025-04-17','NORTE','1712345665',4,32,'Poca información al cliente'),
('2025-04-18','NORTE','1712345673',4,24,'Poca información al cliente'),
('2025-04-18','CENTRO','1712345674',5,35,'Local cómodo'),
('2025-04-19','CENTRO','1712345682',5,27,'Local cómodo'),
('2025-04-19','SUR','1712345683',1,38,'Proceso ágil'),
('2025-04-20','SUR','1712345691',1,30,'Proceso ágil'),
('2025-04-20','VALLE','1712345692',2,41,'Pocos productos disponibles'),
('2025-04-21','VALLE','1712345700',2,33,'Pocos productos disponibles'),
('2025-04-21','NORTE','1712345601',3,6,'Atención rápida'),
('2025-04-22','NORTE','1712345609',3,36,'Atención rápida'),
('2025-04-22','CENTRO','1712345610',4,9,'Excelente servicio'),
('2025-04-23','CENTRO','1712345618',4,39,'Excelente servicio'),
('2025-04-23','SUR','1712345619',5,12,'Faltó medicamento solicitado'),
('2025-04-24','SUR','1712345627',5,4,'Faltó medicamento solicitado'),
('2025-04-24','VALLE','1712345628',1,15,'Demasiada espera'),
('2025-04-25','VALLE','1712345636',1,7,'Demasiada espera'),
('2025-04-25','NORTE','1712345637',2,18,'Poca información al cliente'),
('2025-04-26','NORTE','1712345645',2,10,'Poca información al cliente'),
('2025-04-26','CENTRO','1712345646',3,21,'Local cómodo'),
('2025-04-27','CENTRO','1712345654',3,13,'Local cómodo'),
('2025-04-27','SUR','1712345655',4,24,'Proceso ágil'),
('2025-04-28','SUR','1712345663',4,16,'Proceso ágil'),
('2025-04-28','VALLE','1712345664',5,27,'Pocos productos disponibles'),
('2025-04-29','VALLE','1712345672',5,19,'Pocos productos disponibles'),
('2025-04-29','NORTE','1712345673',1,30,'Atención rápida'),
('2025-04-30','NORTE','1712345681',1,22,'Atención rápida'),
('2025-04-30','CENTRO','1712345682',2,33,'Excelente servicio'),
('2025-05-01','CENTRO','1712345690',2,25,'Excelente servicio'),
('2025-05-01','SUR','1712345691',3,36,'Faltó medicamento solicitado'),
('2025-05-02','SUR','1712345699',3,28,'Faltó medicamento solicitado'),
('2025-05-02','VALLE','1712345700',4,39,'Demasiada espera'),
('2025-05-03','VALLE','1712345608',4,31,'Demasiada espera'),
('2025-05-03','NORTE','1712345609',5,4,'Poca información al cliente'),
('2025-05-04','NORTE','1712345617',5,34,'Poca información al cliente'),
('2025-05-04','CENTRO','1712345618',1,7,'Local cómodo'),
('2025-05-05','CENTRO','1712345626',1,37,'Local cómodo'),
('2025-05-05','SUR','1712345627',2,10,'Proceso ágil'),
('2025-05-06','SUR','1712345635',2,40,'Proceso ágil'),
('2025-05-06','VALLE','1712345636',3,13,'Pocos productos disponibles'),
('2025-05-07','VALLE','1712345644',3,5,'Pocos productos disponibles'),
('2025-05-07','NORTE','1712345645',4,16,'Atención rápida'),
('2025-05-08','NORTE','1712345653',4,8,'Atención rápida'),
('2025-05-08','CENTRO','1712345654',5,19,'Excelente servicio'),
('2025-05-09','CENTRO','1712345662',5,11,'Excelente servicio'),
('2025-05-09','SUR','1712345663',1,22,'Faltó medicamento solicitado'),
('2025-05-10','SUR','1712345671',1,14,'Faltó medicamento solicitado'),
('2025-05-10','VALLE','1712345672',2,25,'Demasiada espera'),
('2025-05-11','VALLE','1712345680',2,17,'Demasiada espera'),
('2025-05-11','NORTE','1712345681',3,28,'Poca información al cliente'),
('2025-05-12','NORTE','1712345689',3,20,'Poca información al cliente'),
('2025-05-12','CENTRO','1712345690',4,31,'Local cómodo'),
('2025-05-13','CENTRO','1712345698',4,23,'Local cómodo'),
('2025-05-13','SUR','1712345699',5,34,'Proceso ágil'),
('2025-05-14','SUR','1712345607',5,26,'Proceso ágil'),
('2025-05-14','VALLE','1712345608',1,37,'Pocos productos disponibles'),
('2025-05-15','VALLE','1712345616',1,29,'Pocos productos disponibles'),
('2025-05-15','NORTE','1712345617',2,40,'Atención rápida'),
('2025-05-16','NORTE','1712345625',2,32,'Atención rápida'),
('2025-05-16','CENTRO','1712345626',3,5,'Excelente servicio'),
('2025-05-17','CENTRO','1712345634',3,35,'Excelente servicio'),
('2025-05-17','SUR','1712345635',4,8,'Faltó medicamento solicitado'),
('2025-05-18','SUR','1712345643',4,38,'Faltó medicamento solicitado'),
('2025-05-18','VALLE','1712345644',5,11,'Demasiada espera'),
('2025-05-19','VALLE','1712345652',5,41,'Demasiada espera'),
('2025-05-19','NORTE','1712345653',1,14,'Poca información al cliente'),
('2025-05-20','NORTE','1712345661',1,6,'Poca información al cliente'),
('2025-05-20','CENTRO','1712345662',2,17,'Local cómodo'),
('2025-05-21','CENTRO','1712345670',2,9,'Local cómodo'),
('2025-05-21','SUR','1712345671',3,20,'Proceso ágil'),
('2025-05-22','SUR','1712345679',3,12,'Proceso ágil'),
('2025-05-22','VALLE','1712345680',4,23,'Pocos productos disponibles'),
('2025-05-23','VALLE','1712345688',4,15,'Pocos productos disponibles'),
('2025-05-23','NORTE','1712345689',5,26,'Atención rápida'),
('2025-05-24','NORTE','1712345697',5,18,'Atención rápida'),
('2025-05-24','CENTRO','1712345698',1,29,'Excelente servicio'),
('2025-05-25','CENTRO','1712345606',1,21,'Excelente servicio'),
('2025-05-25','SUR','1712345607',2,32,'Faltó medicamento solicitado'),
('2025-05-26','SUR','1712345615',2,24,'Faltó medicamento solicitado'),
('2025-05-26','VALLE','1712345616',3,35,'Demasiada espera'),
('2025-05-27','VALLE','1712345624',3,27,'Demasiada espera'),
('2025-05-27','NORTE','1712345625',4,38,'Poca información al cliente'),
('2025-05-28','NORTE','1712345633',4,30,'Poca información al cliente'),
('2025-05-28','CENTRO','1712345634',5,41,'Local cómodo'),
('2025-05-29','CENTRO','1712345642',5,33,'Local cómodo'),
('2025-05-29','SUR','1712345643',1,6,'Proceso ágil'),
('2025-05-30','SUR','1712345651',1,36,'Proceso ágil'),
('2025-05-30','VALLE','1712345652',2,9,'Pocos productos disponibles'),
('2025-05-31','VALLE','1712345660',2,39,'Pocos productos disponibles'),
('2025-05-31','NORTE','1712345661',3,12,'Atención rápida'),
('2025-06-01','NORTE','1712345669',3,4,'Atención rápida'),
('2025-06-01','CENTRO','1712345670',4,15,'Excelente servicio'),
('2025-06-02','CENTRO','1712345678',4,7,'Excelente servicio'),
('2025-06-02','SUR','1712345679',5,18,'Faltó medicamento solicitado'),
('2025-06-03','SUR','1712345687',5,10,'Faltó medicamento solicitado'),
('2025-06-03','VALLE','1712345688',1,21,'Demasiada espera'),
('2025-06-04','VALLE','1712345696',1,13,'Demasiada espera'),
('2025-06-04','NORTE','1712345697',2,24,'Poca información al cliente'),
('2025-06-05','NORTE','1712345605',2,16,'Poca información al cliente'),
('2025-06-05','CENTRO','1712345606',3,27,'Local cómodo'),
('2025-06-06','CENTRO','1712345614',3,19,'Local cómodo'),
('2025-06-06','SUR','1712345615',4,30,'Proceso ágil'),
('2025-06-07','SUR','1712345623',4,22,'Proceso ágil'),
('2025-06-07','VALLE','1712345624',5,33,'Pocos productos disponibles'),
('2025-06-08','VALLE','1712345632',5,25,'Pocos productos disponibles'),
('2025-06-08','NORTE','1712345633',1,36,'Atención rápida'),
('2025-06-09','NORTE','1712345641',1,28,'Atención rápida'),
('2025-06-09','CENTRO','1712345642',2,39,'Excelente servicio'),
('2025-06-10','CENTRO','1712345650',2,31,'Excelente servicio'),
('2025-06-10','SUR','1712345651',3,4,'Faltó medicamento solicitado'),
('2025-06-11','SUR','1712345659',3,34,'Faltó medicamento solicitado'),
('2025-06-11','VALLE','1712345660',4,7,'Demasiada espera'),
('2025-06-12','VALLE','1712345668',4,37,'Demasiada espera'),
('2025-06-12','NORTE','1712345669',5,10,'Poca información al cliente'),
('2025-06-13','NORTE','1712345677',5,40,'Poca información al cliente'),
('2025-06-13','CENTRO','1712345678',1,13,'Local cómodo'),
('2025-06-14','CENTRO','1712345686',1,5,'Local cómodo'),
('2025-06-14','SUR','1712345687',2,16,'Proceso ágil'),
('2025-06-15','SUR','1712345695',2,8,'Proceso ágil'),
('2025-06-15','VALLE','1712345696',3,19,'Pocos productos disponibles'),
('2025-06-16','VALLE','1712345604',3,11,'Pocos productos disponibles'),
('2025-06-16','NORTE','1712345605',4,22,'Atención rápida'),
('2025-06-17','NORTE','1712345613',4,14,'Atención rápida'),
('2025-06-17','CENTRO','1712345614',5,25,'Excelente servicio'),
('2025-06-18','CENTRO','1712345622',5,17,'Excelente servicio'),
('2025-06-18','SUR','1712345623',1,28,'Faltó medicamento solicitado'),
('2025-06-19','SUR','1712345631',1,20,'Faltó medicamento solicitado'),
('2025-06-19','VALLE','1712345632',2,31,'Demasiada espera'),
('2025-06-20','VALLE','1712345640',2,23,'Demasiada espera'),
('2025-06-20','NORTE','1712345641',3,34,'Poca información al cliente'),
('2025-06-21','NORTE','1712345649',3,26,'Poca información al cliente'),
('2025-06-21','CENTRO','1712345650',4,37,'Local cómodo'),
('2025-06-22','CENTRO','1712345658',4,29,'Local cómodo'),
('2025-06-22','SUR','1712345659',5,40,'Proceso ágil'),
('2025-06-23','SUR','1712345667',5,32,'Proceso ágil'),
('2025-06-23','VALLE','1712345668',1,5,'Pocos productos disponibles'),
('2025-06-24','VALLE','1712345676',1,35,'Pocos productos disponibles'),
('2025-06-24','NORTE','1712345677',2,8,'Atención rápida'),
('2025-06-25','NORTE','1712345685',2,38,'Atención rápida'),
('2025-06-25','CENTRO','1712345686',3,11,'Excelente servicio'),
('2025-06-26','CENTRO','1712345694',3,41,'Excelente servicio'),
('2025-06-26','SUR','1712345695',4,14,'Faltó medicamento solicitado'),
('2025-06-27','SUR','1712345603',4,6,'Faltó medicamento solicitado'),
('2025-06-27','VALLE','1712345604',5,17,'Demasiada espera'),
('2025-06-28','VALLE','1712345612',5,9,'Demasiada espera'),
('2025-06-28','NORTE','1712345613',1,20,'Poca información al cliente'),
('2025-06-29','NORTE','1712345621',1,12,'Poca información al cliente'),
('2025-06-29','CENTRO','1712345622',2,23,'Local cómodo'),
('2025-06-30','CENTRO','1712345630',2,15,'Local cómodo'),
('2025-06-30','SUR','1712345631',3,26,'Proceso ágil'),
('2025-07-01','SUR','1712345639',3,18,'Proceso ágil'),
('2025-07-01','VALLE','1712345640',4,29,'Pocos productos disponibles'),
('2025-07-02','VALLE','1712345648',4,21,'Pocos productos disponibles'),
('2025-07-02','NORTE','1712345649',5,32,'Atención rápida'),
('2025-07-03','NORTE','1712345657',5,24,'Atención rápida'),
('2025-07-03','CENTRO','1712345658',1,35,'Excelente servicio'),
('2025-07-04','CENTRO','1712345666',1,27,'Excelente servicio'),
('2025-07-04','SUR','1712345667',2,38,'Faltó medicamento solicitado'),
('2025-07-05','SUR','1712345675',2,30,'Faltó medicamento solicitado'),
('2025-07-05','VALLE','1712345676',3,41,'Demasiada espera'),
('2025-07-06','VALLE','1712345684',3,33,'Demasiada espera'),
('2025-07-06','NORTE','1712345685',4,6,'Poca información al cliente'),
('2025-07-07','NORTE','1712345693',4,36,'Poca información al cliente'),
('2025-07-07','CENTRO','1712345694',5,9,'Local cómodo'),
('2025-07-08','CENTRO','1712345602',5,39,'Local cómodo'),
('2025-07-08','SUR','1712345603',1,12,'Proceso ágil'),
('2025-07-09','SUR','1712345611',1,4,'Proceso ágil'),
('2025-07-09','VALLE','1712345612',2,15,'Pocos productos disponibles'),
('2025-07-10','VALLE','1712345620',2,7,'Pocos productos disponibles'),
('2025-07-10','NORTE','1712345621',3,18,'Atención rápida'),
('2025-07-11','NORTE','1712345629',3,10,'Atención rápida'),
('2025-07-11','CENTRO','1712345630',4,21,'Excelente servicio'),
('2025-07-12','CENTRO','1712345638',4,13,'Excelente servicio'),
('2025-07-12','SUR','1712345639',5,24,'Faltó medicamento solicitado'),
('2025-07-13','SUR','1712345647',5,16,'Faltó medicamento solicitado'),
('2025-07-13','VALLE','1712345648',1,27,'Demasiada espera'),
('2025-07-14','VALLE','1712345656',1,19,'Demasiada espera'),
('2025-07-14','NORTE','1712345657',2,30,'Poca información al cliente'),
('2025-07-15','NORTE','1712345665',2,22,'Poca información al cliente'),
('2025-07-15','CENTRO','1712345666',3,33,'Local cómodo'),
('2025-07-16','CENTRO','1712345674',3,25,'Local cómodo'),
('2025-07-16','SUR','1712345675',4,36,'Proceso ágil'),
('2025-07-17','SUR','1712345683',4,28,'Proceso ágil'),
('2025-07-17','VALLE','1712345684',5,39,'Pocos productos disponibles'),
('2025-07-18','VALLE','1712345692',5,31,'Pocos productos disponibles'),
('2025-07-18','NORTE','1712345693',1,4,'Atención rápida'),
('2025-07-19','NORTE','1712345601',1,34,'Atención rápida'),
('2025-07-19','CENTRO','1712345602',2,7,'Excelente servicio'),
('2025-07-20','CENTRO','1712345610',2,37,'Excelente servicio'),
('2025-07-20','SUR','1712345611',3,10,'Faltó medicamento solicitado'),
('2025-07-21','SUR','1712345619',3,40,'Faltó medicamento solicitado'),
('2025-07-21','VALLE','1712345620',4,13,'Demasiada espera'),
('2025-07-22','VALLE','1712345628',4,5,'Demasiada espera'),
('2025-07-22','NORTE','1712345629',5,16,'Poca información al cliente'),
('2025-07-23','NORTE','1712345637',5,8,'Poca información al cliente'),
('2025-07-23','CENTRO','1712345638',1,19,'Local cómodo'),
('2025-07-24','CENTRO','1712345646',1,11,'Local cómodo'),
('2025-07-24','SUR','1712345647',2,22,'Proceso ágil'),
('2025-07-25','SUR','1712345655',2,14,'Proceso ágil'),
('2025-07-25','VALLE','1712345656',3,25,'Pocos productos disponibles'),
('2025-07-26','VALLE','1712345664',3,17,'Pocos productos disponibles'),
('2025-07-26','NORTE','1712345665',4,28,'Atención rápida'),
('2025-07-27','NORTE','1712345673',4,20,'Atención rápida'),
('2025-07-27','CENTRO','1712345674',5,31,'Excelente servicio'),
('2025-07-28','CENTRO','1712345682',5,23,'Excelente servicio'),
('2025-07-28','SUR','1712345683',1,34,'Faltó medicamento solicitado'),
('2025-07-29','SUR','1712345691',1,26,'Faltó medicamento solicitado'),
('2025-07-29','VALLE','1712345692',2,37,'Demasiada espera'),
('2025-07-30','VALLE','1712345700',7,120,'Demasiada espera'),
('2025-07-30','NORTE','1712345601',3,40,'Poca información al cliente'),
('2025-07-31','NORTE','1712345609',3,32,'Poca información al cliente'),
('2025-07-31','CENTRO','1712345610',4,5,'Local cómodo'),
('2025-08-01','CENTRO','1712345618',4,35,'Local cómodo'),
('2025-08-01','SUR','1712345619',5,8,'Proceso ágil'),
('2025-08-02','SUR','1712345627',5,38,'Proceso ágil'),
('2025-08-02','VALLE','1712345628',1,11,'Pocos productos disponibles'),
('2025-08-03','VALLE','1712345636',1,41,'Pocos productos disponibles'),
('2025-08-03','NORTE','1712345637',2,14,'Atención rápida'),
('2025-08-04','NORTE','1712345645',2,6,'Atención rápida'),
('2025-08-04','CENTRO','1712345646',3,17,'Excelente servicio'),
('2025-08-05','CENTRO','1712345654',3,9,'Excelente servicio'),
('2025-08-05','SUR','1712345655',4,20,'Faltó medicamento solicitado'),
('2025-08-06','SUR','1712345663',4,12,'Faltó medicamento solicitado'),
('2025-08-06','VALLE','1712345664',5,23,'Demasiada espera'),
('2025-08-07','VALLE','1712345672',5,15,'Demasiada espera'),
('2025-08-07','NORTE','1712345673',1,26,'Poca información al cliente'),
('2025-08-08','NORTE','1712345681',1,18,'Poca información al cliente'),
('2025-08-08','CENTRO','1712345682',2,29,'Local cómodo'),
('2025-08-09','CENTRO','1712345690',2,21,'Local cómodo'),
('2025-08-09','SUR','1712345691',3,32,'Proceso ágil'),
('2025-08-10','SUR','1712345699',3,24,'Proceso ágil'),
('2025-08-10','VALLE','1712345700',4,35,'Pocos productos disponibles'),
('2025-08-11','VALLE','1712345608',4,27,'Pocos productos disponibles'),
('2025-08-11','NORTE','1712345609',5,38,'Atención rápida'),
('2025-08-12','NORTE','1712345617',5,30,'Atención rápida'),
('2025-08-12','CENTRO','1712345618',1,41,'Excelente servicio'),
('2025-08-13','CENTRO','1712345626',1,33,'Excelente servicio'),
('2025-08-13','SUR','1712345627',2,6,'Faltó medicamento solicitado'),
('2025-08-14','SUR','1712345635',2,36,'Faltó medicamento solicitado'),
('2025-08-14','VALLE','1712345636',3,9,'Demasiada espera'),
('2025-08-15','VALLE','1712345644',3,39,'Demasiada espera'),
('2025-08-15','NORTE','1712345645',4,12,'Poca información al cliente'),
('2025-08-16','NORTE','1712345653',4,4,'Poca información al cliente'),
('2025-08-16','CENTRO','1712345654',5,15,'Local cómodo'),
('2025-08-17','CENTRO','1712345662',5,7,'Local cómodo'),
('2025-08-17','SUR','1712345663',1,18,'Proceso ágil'),
('2025-08-18','SUR','1712345671',1,10,'Proceso ágil'),
('2025-08-18','VALLE','1712345672',2,21,'Pocos productos disponibles'),
('2025-08-19','VALLE','1712345680',2,13,'Pocos productos disponibles'),
('2025-08-19','NORTE','1712345681',3,24,'Atención rápida'),
('2025-08-20','NORTE','1712345689',3,16,'Atención rápida'),
('2025-08-20','CENTRO','1712345690',4,27,'Excelente servicio'),
('2025-08-21','CENTRO','1712345698',4,19,'Excelente servicio'),
('2025-08-21','SUR','1712345699',5,30,'Faltó medicamento solicitado'),
('2025-08-22','SUR','1712345607',5,22,'Faltó medicamento solicitado'),
('2025-08-22','VALLE','1712345608',1,33,'Demasiada espera'),
('2025-08-23','VALLE','1712345616',1,25,'Demasiada espera'),
('2025-08-23','NORTE','1712345617',2,36,'Poca información al cliente'),
('2025-08-24','NORTE','1712345625',2,28,'Poca información al cliente'),
('2025-08-24','CENTRO','1712345626',3,39,'Local cómodo'),
('2025-08-25','CENTRO','1712345634',3,31,'Local cómodo'),
('2025-08-25','SUR','1712345635',4,4,'Proceso ágil'),
('2025-08-26','SUR','1712345643',4,34,'Proceso ágil'),
('2025-08-26','VALLE','1712345644',5,7,'Pocos productos disponibles'),
('2025-08-27','VALLE','1712345652',5,37,'Pocos productos disponibles'),
('2025-08-27','NORTE','1712345653',1,10,'Atención rápida'),
('2025-08-28','NORTE','1712345661',1,40,'Atención rápida'),
('2025-08-28','CENTRO','1712345662',2,13,'Excelente servicio'),
('2025-08-29','CENTRO','1712345670',2,5,'Excelente servicio'),
('2025-08-29','SUR','1712345671',3,16,'Faltó medicamento solicitado'),
('2025-08-30','SUR','1712345679',3,8,'Faltó medicamento solicitado'),
('2025-08-30','VALLE','1712345680',4,19,'Demasiada espera'),
('2025-08-31','VALLE','1712345688',4,11,'Demasiada espera'),
('2025-08-31','NORTE','1712345689',5,22,'Poca información al cliente'),
('2025-09-01','NORTE','1712345697',5,14,'Poca información al cliente'),
('2025-09-01','CENTRO','1712345698',1,25,'Local cómodo'),
('2025-09-02','CENTRO','1712345606',1,17,'Local cómodo'),
('2025-09-02','SUR','1712345607',2,28,'Proceso ágil'),
('2025-09-03','SUR','1712345615',2,20,'Proceso ágil'),
('2025-09-03','VALLE','1712345616',3,31,'Pocos productos disponibles'),
('2025-09-04','VALLE','1712345624',3,23,'Pocos productos disponibles'),
('2025-09-04','NORTE','1712345625',4,34,'Atención rápida'),
('2025-09-05','NORTE','1712345633',4,26,'Atención rápida'),
('2025-09-05','CENTRO','1712345634',5,37,'Excelente servicio'),
('2025-09-06','CENTRO','1712345642',5,29,'Excelente servicio'),
('2025-09-06','SUR','1712345643',1,40,'Faltó medicamento solicitado'),
('2025-09-07','SUR','1712345651',1,32,'Faltó medicamento solicitado'),
('2025-09-07','VALLE','1712345652',2,5,'Demasiada espera');
INSERT INTO encuesta_satisfaccion (fecha,codigo_sucursal,documento_cliente,puntuacion,tiempo_espera_minutos,comentario) VALUES
('2025-09-08','VALLE','1712345660',2,35,'Demasiada espera'),
('2025-09-08','NORTE','1712345661',3,8,'Poca información al cliente'),
('2025-09-09','NORTE','1712345669',3,38,'Poca información al cliente'),
('2025-09-09','CENTRO','1712345670',4,11,'Local cómodo'),
('2025-09-10','CENTRO','1712345678',4,41,'Local cómodo'),
('2025-09-10','SUR','1712345679',5,14,'Proceso ágil'),
('2025-09-11','SUR','1712345687',5,6,'Proceso ágil'),
('2025-09-11','VALLE','1712345688',1,17,'Pocos productos disponibles'),
('2025-09-12','VALLE','1712345696',1,9,'Pocos productos disponibles'),
('2025-09-12','NORTE','1712345697',2,20,'Atención rápida'),
('2025-09-13','NORTE','1712345605',2,12,'Atención rápida'),
('2025-09-13','CENTRO','1712345606',3,23,'Excelente servicio'),
('2025-09-14','CENTRO','1712345614',3,15,'Excelente servicio'),
('2025-09-14','SUR','1712345615',4,26,'Faltó medicamento solicitado'),
('2025-09-15','SUR','1712345623',4,18,'Faltó medicamento solicitado'),
('2025-09-15','VALLE','1712345624',5,29,'Demasiada espera'),
('2025-09-16','VALLE','1712345632',5,21,'Demasiada espera'),
('2025-09-16','NORTE','1712345633',1,32,'Poca información al cliente'),
('2025-09-17','NORTE','1712345641',1,24,'Poca información al cliente'),
('2025-09-17','CENTRO','1712345642',2,35,'Local cómodo'),
('2025-09-18','CENTRO','1712345650',2,27,'Local cómodo'),
('2025-09-18','SUR','1712345651',3,38,'Proceso ágil'),
('2025-09-19','SUR','1712345659',3,30,'Proceso ágil'),
('2025-09-19','VALLE','1712345660',4,41,'Pocos productos disponibles'),
('2025-09-20','VALLE','1712345668',4,33,'Pocos productos disponibles'),
('2025-09-20','NORTE','1712345669',5,6,'Atención rápida'),
('2025-09-21','NORTE','1712345677',5,36,'Atención rápida'),
('2025-09-21','CENTRO','1712345678',1,9,'Excelente servicio'),
('2025-09-22','CENTRO','1712345686',1,39,'Excelente servicio'),
('2025-09-22','SUR','1712345687',2,12,'Faltó medicamento solicitado'),
('2025-09-23','SUR','1712345695',2,4,'Faltó medicamento solicitado'),
('2025-09-23','VALLE','1712345696',3,15,'Demasiada espera'),
('2025-09-24','VALLE','1712345604',3,7,'Demasiada espera'),
('2025-09-24','NORTE','1712345605',4,18,'Poca información al cliente'),
('2025-09-25','NORTE','1712345613',4,10,'Poca información al cliente'),
('2025-09-25','CENTRO','1712345614',5,21,'Local cómodo'),
('2025-09-26','CENTRO','1712345622',5,13,'Local cómodo'),
('2025-09-26','SUR','1712345623',1,24,'Proceso ágil'),
('2025-09-27','SUR','1712345631',1,16,'Proceso ágil'),
('2025-09-27','VALLE','1712345632',2,27,'Pocos productos disponibles'),
('2025-09-28','VALLE','1712345640',2,19,'Pocos productos disponibles'),
('2025-09-28','NORTE','1712345641',3,30,'Atención rápida'),
('2025-09-29','NORTE','1712345649',3,22,'Atención rápida'),
('2025-09-29','CENTRO','1712345650',4,33,'Excelente servicio'),
('2025-09-30','CENTRO','1712345658',4,25,'Excelente servicio'),
('2025-09-30','SUR','1712345659',5,36,'Faltó medicamento solicitado'),
('2025-10-01','SUR','1712345667',5,28,'Faltó medicamento solicitado'),
('2025-10-01','VALLE','1712345668',1,39,'Demasiada espera'),
('2025-10-02','VALLE','1712345676',1,31,'Demasiada espera'),
('2025-10-02','NORTE','1712345677',2,4,'Poca información al cliente'),
('2025-10-03','NORTE','1712345685',2,34,'Poca información al cliente'),
('2025-10-03','CENTRO','1712345686',3,7,'Local cómodo'),
('2025-10-04','CENTRO','1712345694',3,37,'Local cómodo'),
('2025-10-04','SUR','1712345695',4,10,'Proceso ágil'),
('2025-10-05','SUR','1712345603',4,40,'Proceso ágil'),
('2025-10-05','VALLE','1712345604',5,13,'Pocos productos disponibles'),
('2025-10-06','VALLE','1712345612',5,5,'Pocos productos disponibles'),
('2025-10-06','NORTE','1712345613',1,16,'Atención rápida'),
('2025-10-07','NORTE','1712345621',1,8,'Atención rápida'),
('2025-10-07','CENTRO','1712345622',2,19,'Excelente servicio'),
('2025-10-08','CENTRO','1712345630',2,11,'Excelente servicio'),
('2025-10-08','SUR','1712345631',3,22,'Faltó medicamento solicitado'),
('2025-10-09','SUR','1712345639',3,14,'Faltó medicamento solicitado'),
('2025-10-09','VALLE','1712345640',4,25,'Demasiada espera'),
('2025-10-10','VALLE','1712345648',4,17,'Demasiada espera'),
('2025-10-10','NORTE','1712345649',5,28,'Poca información al cliente'),
('2025-10-11','NORTE','1712345657',5,20,'Poca información al cliente'),
('2025-10-11','CENTRO','1712345658',1,31,'Local cómodo'),
('2025-10-12','CENTRO','1712345666',1,23,'Local cómodo'),
('2025-10-12','SUR','1712345667',2,34,'Proceso ágil'),
('2025-10-13','SUR','1712345675',2,26,'Proceso ágil'),
('2025-10-13','VALLE','1712345676',3,37,'Pocos productos disponibles'),
('2025-10-14','VALLE','1712345684',3,29,'Pocos productos disponibles'),
('2025-10-14','NORTE','1712345685',4,40,'Atención rápida'),
('2025-10-15','NORTE','1712345693',4,32,'Atención rápida'),
('2025-10-15','CENTRO','1712345694',5,5,'Excelente servicio'),
('2025-10-16','CENTRO','1712345602',5,35,'Excelente servicio'),
('2025-10-16','SUR','1712345603',1,8,'Faltó medicamento solicitado'),
('2025-10-17','SUR','1712345611',1,38,'Faltó medicamento solicitado'),
('2025-10-17','VALLE','1712345612',2,11,'Demasiada espera'),
('2025-10-18','VALLE','1712345620',2,41,'Demasiada espera'),
('2025-10-18','NORTE','1712345621',3,14,'Poca información al cliente'),
('2025-10-19','NORTE','1712345629',3,6,'Poca información al cliente'),
('2025-10-19','CENTRO','1712345630',4,17,'Local cómodo'),
('2025-10-20','CENTRO','1712345638',4,9,'Local cómodo'),
('2025-10-20','SUR','1712345639',5,20,'Proceso ágil'),
('2025-10-21','SUR','1712345647',5,12,'Proceso ágil'),
('2025-10-21','VALLE','1712345648',1,23,'Pocos productos disponibles'),
('2025-10-22','VALLE','1712345656',1,15,'Pocos productos disponibles'),
('2025-10-22','NORTE','1712345657',2,26,'Atención rápida'),
('2025-10-23','NORTE','1712345665',2,18,'Atención rápida'),
('2025-10-23','CENTRO','1712345666',3,29,'Excelente servicio'),
('2025-10-24','CENTRO','1712345674',3,21,'Excelente servicio'),
('2025-10-24','SUR','1712345675',4,32,'Faltó medicamento solicitado'),
('2025-10-25','SUR','1712345683',4,24,'Faltó medicamento solicitado'),
('2025-10-25','VALLE','1712345684',5,35,'Demasiada espera'),
('2025-10-26','VALLE','1712345692',5,27,'Demasiada espera'),
('2025-10-26','NORTE','1712345693',1,38,'Poca información al cliente'),
('2025-10-27','NORTE','1712345601',1,30,'Poca información al cliente'),
('2025-10-27','CENTRO','1712345602',2,41,'Local cómodo'),
('2025-10-28','CENTRO','1712345610',2,33,'Local cómodo'),
('2025-10-28','SUR','1712345611',3,6,'Proceso ágil'),
('2025-10-29','SUR','1712345619',3,36,'Proceso ágil'),
('2025-10-29','VALLE','1712345620',4,9,'Pocos productos disponibles'),
('2025-10-30','VALLE','1712345628',4,39,'Pocos productos disponibles'),
('2025-10-30','NORTE','1712345629',5,12,'Atención rápida'),
('2025-10-31','NORTE','1712345637',5,4,'Atención rápida'),
('2025-10-31','CENTRO','1712345638',1,15,'Excelente servicio'),
('2025-11-01','CENTRO','1712345646',1,7,'Excelente servicio'),
('2025-11-01','SUR','1712345647',2,18,'Faltó medicamento solicitado'),
('2025-11-02','SUR','1712345655',2,10,'Faltó medicamento solicitado'),
('2025-11-02','VALLE','1712345656',3,21,'Demasiada espera'),
('2025-11-03','VALLE','1712345664',3,13,'Demasiada espera'),
('2025-11-03','NORTE','1712345665',4,24,'Poca información al cliente'),
('2025-11-04','NORTE','1712345673',4,16,'Poca información al cliente'),
('2025-11-04','CENTRO','1712345674',5,27,'Local cómodo'),
('2025-11-05','CENTRO','1712345682',5,19,'Local cómodo'),
('2025-11-05','SUR','1712345683',1,30,'Proceso ágil'),
('2025-11-06','SUR','1712345691',1,22,'Proceso ágil'),
('2025-11-06','VALLE','1712345692',2,33,'Pocos productos disponibles'),
('2025-11-07','VALLE','1712345700',2,25,'Pocos productos disponibles'),
('2025-11-07','NORTE','1712345601',3,36,'Atención rápida'),
('2025-11-08','NORTE','1712345609',3,28,'Atención rápida'),
('2025-11-08','CENTRO','1712345610',4,39,'Excelente servicio'),
('2025-11-09','CENTRO','1712345618',4,31,'Excelente servicio'),
('2025-11-09','SUR','1712345619',5,4,'Faltó medicamento solicitado'),
('2025-11-10','SUR','1712345627',5,34,'Faltó medicamento solicitado'),
('2025-11-10','VALLE','1712345628',1,7,'Demasiada espera'),
('2025-11-11','VALLE','1712345636',1,37,'Demasiada espera'),
('2025-11-11','NORTE','1712345637',2,10,'Poca información al cliente'),
('2025-11-12','NORTE','1712345645',2,40,'Poca información al cliente'),
('2025-11-12','CENTRO','1712345646',3,13,'Local cómodo'),
('2025-11-13','CENTRO','1712345654',3,5,'Local cómodo'),
('2025-11-13','SUR','1712345655',4,16,'Proceso ágil'),
('2025-11-14','SUR','1712345663',4,8,'Proceso ágil'),
('2025-11-14','VALLE','1712345664',5,19,'Pocos productos disponibles'),
('2025-11-15','VALLE','1712345672',5,11,'Pocos productos disponibles'),
('2025-11-15','NORTE','1712345673',1,22,'Atención rápida'),
('2025-11-16','NORTE','1712345681',1,14,'Atención rápida'),
('2025-11-16','CENTRO','1712345682',2,25,'Excelente servicio'),
('2025-11-17','CENTRO','1712345690',2,17,'Excelente servicio'),
('2025-11-17','SUR','1712345691',3,28,'Faltó medicamento solicitado'),
('2025-11-18','SUR','1712345699',3,20,'Faltó medicamento solicitado'),
('2025-11-18','VALLE','1712345700',4,31,'Demasiada espera'),
('2025-11-19','VALLE','1712345608',4,23,'Demasiada espera'),
('2025-11-19','NORTE','1712345609',5,34,'Poca información al cliente'),
('2025-11-20','NORTE','1712345617',5,26,'Poca información al cliente'),
('2025-11-20','CENTRO','1712345618',1,37,'Local cómodo'),
('2025-11-21','CENTRO','1712345626',1,29,'Local cómodo'),
('2025-11-21','SUR','1712345627',2,40,'Proceso ágil'),
('2025-11-22','SUR','1712345635',2,32,'Proceso ágil'),
('2025-11-22','VALLE','1712345636',3,5,'Pocos productos disponibles'),
('2025-11-23','VALLE','1712345644',3,35,'Pocos productos disponibles'),
('2025-11-23','NORTE','1712345645',4,8,'Atención rápida'),
('2025-11-24','NORTE','1712345653',4,38,'Atención rápida'),
('2025-11-24','CENTRO','1712345654',5,11,'Excelente servicio'),
('2025-11-25','CENTRO','1712345662',5,41,'Excelente servicio'),
('2025-11-25','SUR','1712345663',1,14,'Faltó medicamento solicitado'),
('2025-11-26','SUR','1712345671',1,6,'Faltó medicamento solicitado'),
('2025-11-26','VALLE','1712345672',2,17,'Demasiada espera'),
('2025-11-27','VALLE','1712345680',2,9,'Demasiada espera'),
('2025-11-27','NORTE','1712345681',3,20,'Poca información al cliente'),
('2025-11-28','NORTE','1712345689',3,12,'Poca información al cliente'),
('2025-11-28','CENTRO','1712345690',4,23,'Local cómodo'),
('2025-11-29','CENTRO','1712345698',4,15,'Local cómodo'),
('2025-11-29','SUR','1712345699',5,26,'Proceso ágil'),
('2025-11-30','SUR','1712345607',5,18,'Proceso ágil'),
('2025-11-30','VALLE','1712345608',1,29,'Pocos productos disponibles'),
('2025-12-01','VALLE','1712345616',1,21,'Pocos productos disponibles'),
('2025-12-01','NORTE','1712345617',2,32,'Atención rápida'),
('2025-12-02','NORTE','1712345625',2,24,'Atención rápida'),
('2025-12-02','CENTRO','1712345626',3,35,'Excelente servicio'),
('2025-12-03','CENTRO','1712345634',3,27,'Excelente servicio'),
('2025-12-03','SUR','1712345635',4,38,'Faltó medicamento solicitado'),
('2025-12-04','SUR','1712345643',4,30,'Faltó medicamento solicitado'),
('2025-12-04','VALLE','1712345644',5,41,'Demasiada espera'),
('2025-12-05','VALLE','1712345652',5,33,'Demasiada espera'),
('2025-12-05','NORTE','1712345653',1,6,'Poca información al cliente'),
('2025-12-06','NORTE','1712345661',1,36,'Poca información al cliente'),
('2025-12-06','CENTRO','1712345662',2,9,'Local cómodo'),
('2025-12-07','CENTRO','1712345670',2,39,'Local cómodo'),
('2025-12-07','SUR','1712345671',3,12,'Proceso ágil'),
('2025-12-08','SUR','1712345679',3,4,'Proceso ágil'),
('2025-12-08','VALLE','1712345680',4,15,'Pocos productos disponibles'),
('2025-12-09','VALLE','1712345688',4,7,'Pocos productos disponibles'),
('2025-12-09','NORTE','1712345689',5,18,'Atención rápida'),
('2025-12-10','NORTE','1712345697',5,10,'Atención rápida'),
('2025-12-10','CENTRO','1712345698',1,21,'Excelente servicio'),
('2025-12-11','CENTRO','1712345606',1,13,'Excelente servicio'),
('2025-12-11','SUR','1712345607',2,24,'Faltó medicamento solicitado'),
('2025-12-12','SUR','1712345615',2,16,'Faltó medicamento solicitado'),
('2025-12-12','VALLE','1712345616',3,27,'Demasiada espera'),
('2025-12-13','VALLE','1712345624',3,19,'Demasiada espera'),
('2025-12-13','NORTE','1712345625',4,30,'Poca información al cliente'),
('2025-12-14','NORTE','1712345633',4,22,'Poca información al cliente'),
('2025-12-14','CENTRO','1712345634',5,33,'Local cómodo'),
('2025-12-15','CENTRO','1712345642',5,25,'Local cómodo'),
('2025-12-15','SUR','1712345643',1,36,'Proceso ágil'),
('2025-12-16','SUR','1712345651',1,28,'Proceso ágil'),
('2025-12-16','VALLE','1712345652',2,39,'Pocos productos disponibles'),
('2025-12-17','VALLE','1712345660',2,31,'Pocos productos disponibles'),
('2025-12-17','NORTE','1712345661',3,4,'Atención rápida'),
('2025-12-18','NORTE','1712345669',3,34,'Atención rápida'),
('2025-12-18','CENTRO','1712345670',4,7,'Excelente servicio'),
('2025-12-19','CENTRO','1712345678',4,37,'Excelente servicio'),
('2025-12-19','SUR','1712345679',5,10,'Faltó medicamento solicitado'),
('2025-12-20','SUR','1712345687',5,40,'Faltó medicamento solicitado'),
('2025-12-20','VALLE','1712345688',1,13,'Demasiada espera'),
('2025-12-21','VALLE','1712345696',1,5,'Demasiada espera'),
('2025-12-21','NORTE','1712345697',2,16,'Poca información al cliente'),
('2025-12-22','NORTE','1712345605',2,8,'Poca información al cliente'),
('2025-12-22','CENTRO','1712345606',3,19,'Local cómodo'),
('2025-12-23','CENTRO','1712345614',3,11,'Local cómodo'),
('2025-12-23','SUR','1712345615',4,22,'Proceso ágil'),
('2025-12-24','SUR','1712345623',4,14,'Proceso ágil'),
('2025-12-24','VALLE','1712345624',5,25,'Pocos productos disponibles'),
('2025-12-25','VALLE','1712345632',5,17,'Pocos productos disponibles'),
('2025-12-25','NORTE','1712345633',1,28,'Atención rápida'),
('2025-12-26','NORTE','1712345641',1,20,'Atención rápida'),
('2025-12-26','CENTRO','1712345642',2,31,'Excelente servicio'),
('2025-12-27','CENTRO','1712345650',2,23,'Excelente servicio'),
('2025-12-27','SUR','1712345651',3,34,'Faltó medicamento solicitado'),
('2025-12-28','SUR','1712345659',3,26,'Faltó medicamento solicitado'),
('2025-12-28','VALLE','1712345660',4,37,'Demasiada espera'),
('2025-12-29','VALLE','1712345668',4,29,'Demasiada espera'),
('2025-12-29','NORTE','1712345669',5,40,'Poca información al cliente'),
('2025-12-30','NORTE','1712345677',5,32,'Poca información al cliente'),
('2025-12-30','CENTRO','1712345678',1,5,'Local cómodo'),
('2025-12-31','CENTRO','1712345686',1,35,'Local cómodo'),
('2025-12-31','SUR','1712345687',2,8,'Proceso ágil'),
('2026-01-01','SUR','1712345695',2,38,'Proceso ágil'),
('2026-01-01','VALLE','1712345696',3,11,'Pocos productos disponibles'),
('2026-01-02','VALLE','1712345604',3,41,'Pocos productos disponibles'),
('2026-01-02','NORTE','1712345605',4,14,'Atención rápida'),
('2026-01-03','NORTE','1712345613',4,6,'Atención rápida'),
('2026-01-03','CENTRO','1712345614',5,17,'Excelente servicio'),
('2026-01-04','CENTRO','1712345622',5,9,'Excelente servicio'),
('2026-01-04','SUR','1712345623',1,20,'Faltó medicamento solicitado'),
('2026-01-05','SUR','1712345631',1,12,'Faltó medicamento solicitado'),
('2026-01-05','VALLE','1712345632',2,23,'Demasiada espera'),
('2026-01-06','VALLE','1712345640',2,15,'Demasiada espera'),
('2026-01-06','NORTE','1712345641',3,26,'Poca información al cliente'),
('2026-01-07','NORTE','1712345649',3,18,'Poca información al cliente'),
('2026-01-07','CENTRO','1712345650',4,29,'Local cómodo'),
('2026-01-08','CENTRO','1712345658',4,21,'Local cómodo'),
('2026-01-08','SUR','1712345659',5,32,'Proceso ágil'),
('2026-01-09','SUR','1712345667',5,24,'Proceso ágil'),
('2026-01-09','VALLE','1712345668',1,35,'Pocos productos disponibles'),
('2026-01-10','VALLE','1712345676',1,27,'Pocos productos disponibles'),
('2026-01-10','NORTE','1712345677',2,38,'Atención rápida'),
('2026-01-11','NORTE','1712345685',2,30,'Atención rápida'),
('2026-01-11','CENTRO','1712345686',3,41,'Excelente servicio'),
('2026-01-12','CENTRO','1712345694',3,33,'Excelente servicio'),
('2026-01-12','SUR','1712345695',4,6,'Faltó medicamento solicitado'),
('2026-01-13','SUR','1712345603',4,36,'Faltó medicamento solicitado'),
('2026-01-13','VALLE','1712345604',5,9,'Demasiada espera'),
('2026-01-14','VALLE','1712345612',5,39,'Demasiada espera'),
('2026-01-14','NORTE','1712345613',1,12,'Poca información al cliente'),
('2026-01-15','NORTE','1712345621',1,4,'Poca información al cliente'),
('2026-01-15','CENTRO','1712345622',2,15,'Local cómodo'),
('2026-01-16','CENTRO','1712345630',2,7,'Local cómodo'),
('2026-01-16','SUR','1712345631',3,18,'Proceso ágil'),
('2026-01-17','SUR','1712345639',3,10,'Proceso ágil'),
('2026-01-17','VALLE','1712345640',4,21,'Pocos productos disponibles'),
('2026-01-18','VALLE','1712345648',4,13,'Pocos productos disponibles'),
('2026-01-18','NORTE','1712345649',5,24,'Atención rápida'),
('2026-01-19','NORTE','1712345657',5,16,'Atención rápida'),
('2026-01-19','CENTRO','1712345658',1,27,'Excelente servicio'),
('2026-01-20','CENTRO','1712345666',1,19,'Excelente servicio'),
('2026-01-20','SUR','1712345667',2,30,'Faltó medicamento solicitado'),
('2026-01-21','SUR','1712345675',2,22,'Faltó medicamento solicitado'),
('2026-01-21','VALLE','1712345676',3,33,'Demasiada espera'),
('2026-01-22','VALLE','1712345684',3,25,'Demasiada espera'),
('2026-01-22','NORTE','1712345685',4,36,'Poca información al cliente'),
('2026-01-23','NORTE','1712345693',4,28,'Poca información al cliente'),
('2026-01-23','CENTRO','1712345694',5,39,'Local cómodo'),
('2026-01-24','CENTRO','1712345602',5,31,'Local cómodo'),
('2026-01-24','SUR','1712345603',1,4,'Proceso ágil'),
('2026-01-25','SUR','1712345611',1,34,'Proceso ágil'),
('2026-01-25','VALLE','1712345612',2,7,'Pocos productos disponibles'),
('2026-01-26','VALLE','1712345620',2,37,'Pocos productos disponibles'),
('2026-01-26','NORTE','1712345621',3,10,'Atención rápida'),
('2026-01-27','NORTE','1712345629',3,40,'Atención rápida'),
('2026-01-27','CENTRO','1712345630',4,13,'Excelente servicio'),
('2026-01-28','CENTRO','1712345638',4,5,'Excelente servicio'),
('2026-01-28','SUR','1712345639',5,16,'Faltó medicamento solicitado'),
('2026-01-29','SUR','1712345647',5,8,'Faltó medicamento solicitado'),
('2026-01-29','VALLE','1712345648',1,19,'Demasiada espera'),
('2026-01-30','VALLE','1712345656',1,11,'Demasiada espera'),
('2026-01-30','NORTE','1712345657',2,22,'Poca información al cliente'),
('2026-01-31','NORTE','1712345665',2,14,'Poca información al cliente'),
('2026-01-31','CENTRO','1712345666',3,25,'Local cómodo'),
('2026-02-01','CENTRO','1712345674',3,17,'Local cómodo'),
('2026-02-01','SUR','1712345675',4,28,'Proceso ágil'),
('2026-02-02','SUR','1712345683',4,20,'Proceso ágil'),
('2026-02-02','VALLE','1712345684',5,31,'Pocos productos disponibles'),
('2026-02-03','VALLE','1712345692',5,23,'Pocos productos disponibles'),
('2026-02-03','NORTE','1712345693',1,34,'Atención rápida'),
('2026-02-04','NORTE','1712345601',1,26,'Atención rápida'),
('2026-02-04','CENTRO','1712345602',2,37,'Excelente servicio'),
('2026-02-05','CENTRO','1712345610',2,29,'Excelente servicio'),
('2026-02-05','SUR','1712345611',3,40,'Faltó medicamento solicitado'),
('2026-02-06','SUR','1712345619',3,32,'Faltó medicamento solicitado'),
('2026-02-06','VALLE','1712345620',4,5,'Demasiada espera'),
('2026-02-07','VALLE','1712345628',4,35,'Demasiada espera'),
('2026-02-07','NORTE','1712345629',5,8,'Poca información al cliente'),
('2026-02-08','NORTE','1712345637',5,38,'Poca información al cliente'),
('2026-02-08','CENTRO','1712345638',1,11,'Local cómodo'),
('2026-02-09','CENTRO','1712345646',1,41,'Local cómodo'),
('2026-02-09','SUR','1712345647',2,14,'Proceso ágil'),
('2026-02-10','SUR','1712345655',2,6,'Proceso ágil'),
('2026-02-10','VALLE','1712345656',3,17,'Pocos productos disponibles'),
('2026-02-11','VALLE','1712345664',3,9,'Pocos productos disponibles'),
('2026-02-11','NORTE','1712345665',4,20,'Atención rápida'),
('2026-02-12','NORTE','1712345673',4,12,'Atención rápida'),
('2026-02-12','CENTRO','1712345674',5,23,'Excelente servicio'),
('2026-02-13','CENTRO','1712345682',5,15,'Excelente servicio'),
('2026-02-13','SUR','1712345683',1,26,'Faltó medicamento solicitado'),
('2026-02-14','SUR','1712345691',1,18,'Faltó medicamento solicitado'),
('2026-02-14','VALLE','1712345692',2,29,'Demasiada espera'),
('2026-02-15','VALLE','1712345700',2,21,'Demasiada espera'),
('2026-02-15','NORTE','1712345601',3,32,'Poca información al cliente'),
('2026-02-16','NORTE','1712345609',3,24,'Poca información al cliente'),
('2026-02-16','CENTRO','1712345610',4,35,'Local cómodo'),
('2026-02-17','CENTRO','1712345618',4,27,'Local cómodo'),
('2026-02-17','SUR','1712345619',5,38,'Proceso ágil'),
('2026-02-18','SUR','1712345627',5,30,'Proceso ágil'),
('2026-02-18','VALLE','1712345628',1,41,'Pocos productos disponibles'),
('2026-02-19','VALLE','1712345636',1,33,'Pocos productos disponibles'),
('2026-02-19','NORTE','1712345637',2,6,'Atención rápida'),
('2026-02-20','NORTE','1712345645',2,36,'Atención rápida'),
('2026-02-20','CENTRO','1712345646',3,9,'Excelente servicio'),
('2026-02-21','CENTRO','1712345654',3,39,'Excelente servicio'),
('2026-02-21','SUR','1712345655',4,12,'Faltó medicamento solicitado'),
('2026-02-22','SUR','1712345663',4,4,'Faltó medicamento solicitado'),
('2026-02-22','VALLE','1712345664',5,15,'Demasiada espera'),
('2026-02-23','VALLE','1712345672',5,7,'Demasiada espera'),
('2026-02-23','NORTE','1712345673',1,18,'Poca información al cliente'),
('2026-02-24','NORTE','1712345681',1,10,'Poca información al cliente'),
('2026-02-24','CENTRO','1712345682',2,21,'Local cómodo'),
('2026-02-25','CENTRO','1712345690',2,13,'Local cómodo'),
('2026-02-25','SUR','1712345691',3,24,'Proceso ágil'),
('2026-02-26','SUR','1712345699',7,120,'Proceso ágil'),
('2026-02-26','VALLE','1712345700',4,27,'Pocos productos disponibles'),
('2026-02-27','VALLE','1712345608',4,19,'Pocos productos disponibles'),
('2026-02-27','NORTE','1712345609',5,30,'Atención rápida'),
('2026-02-28','NORTE','1712345617',5,22,'Atención rápida'),
('2026-02-28','CENTRO','1712345618',1,33,'Excelente servicio'),
('2026-03-01','CENTRO','1712345626',1,25,'Excelente servicio'),
('2026-03-01','SUR','1712345627',2,36,'Faltó medicamento solicitado'),
('2026-03-02','SUR','1712345635',2,28,'Faltó medicamento solicitado'),
('2026-03-02','VALLE','1712345636',3,39,'Demasiada espera'),
('2026-03-03','VALLE','1712345644',3,31,'Demasiada espera'),
('2026-03-03','NORTE','1712345645',4,4,'Poca información al cliente'),
('2026-03-04','NORTE','1712345653',4,34,'Poca información al cliente'),
('2026-03-04','CENTRO','1712345654',5,7,'Local cómodo'),
('2026-03-05','CENTRO','1712345662',5,37,'Local cómodo'),
('2026-03-05','SUR','1712345663',1,10,'Proceso ágil'),
('2026-03-06','SUR','1712345671',1,40,'Proceso ágil'),
('2026-03-06','VALLE','1712345672',2,13,'Pocos productos disponibles'),
('2026-03-07','VALLE','1712345680',2,5,'Pocos productos disponibles'),
('2026-03-07','NORTE','1712345681',3,16,'Atención rápida'),
('2026-03-08','NORTE','1712345689',3,8,'Atención rápida'),
('2026-03-08','CENTRO','1712345690',4,19,'Excelente servicio'),
('2026-03-09','CENTRO','1712345698',4,11,'Excelente servicio'),
('2026-03-09','SUR','1712345699',5,22,'Faltó medicamento solicitado'),
('2026-03-10','SUR','1712345607',5,14,'Faltó medicamento solicitado'),
('2026-03-10','VALLE','1712345608',1,25,'Demasiada espera'),
('2026-03-11','VALLE','1712345616',1,17,'Demasiada espera'),
('2026-03-11','NORTE','1712345617',2,28,'Poca información al cliente'),
('2026-03-12','NORTE','1712345625',2,20,'Poca información al cliente'),
('2026-03-12','CENTRO','1712345626',3,31,'Local cómodo'),
('2026-03-13','CENTRO','1712345634',3,23,'Local cómodo'),
('2026-03-13','SUR','1712345635',4,34,'Proceso ágil'),
('2026-03-14','SUR','1712345643',4,26,'Proceso ágil'),
('2026-03-14','VALLE','1712345644',5,37,'Pocos productos disponibles'),
('2026-03-15','VALLE','1712345652',5,29,'Pocos productos disponibles'),
('2026-03-15','NORTE','1712345653',1,40,'Atención rápida'),
('2026-03-16','NORTE','1712345661',1,32,'Atención rápida'),
('2026-03-16','CENTRO','1712345662',2,5,'Excelente servicio'),
('2026-03-17','CENTRO','1712345670',2,35,'Excelente servicio'),
('2026-03-17','SUR','1712345671',3,8,'Faltó medicamento solicitado'),
('2026-03-18','SUR','1712345679',3,38,'Faltó medicamento solicitado'),
('2026-03-18','VALLE','1712345680',4,11,'Demasiada espera'),
('2026-03-19','VALLE','1712345688',4,41,'Demasiada espera'),
('2026-03-19','NORTE','1712345689',5,14,'Poca información al cliente'),
('2026-03-20','NORTE','1712345697',5,6,'Poca información al cliente'),
('2026-03-20','CENTRO','1712345698',1,17,'Local cómodo'),
('2026-03-21','CENTRO','1712345606',1,9,'Local cómodo'),
('2026-03-21','SUR','1712345607',2,20,'Proceso ágil'),
('2026-03-22','SUR','1712345615',2,12,'Proceso ágil'),
('2026-03-22','VALLE','1712345616',3,23,'Pocos productos disponibles'),
('2026-03-23','VALLE','1712345624',3,15,'Pocos productos disponibles'),
('2026-03-23','NORTE','1712345625',4,26,'Atención rápida'),
('2026-03-24','NORTE','1712345633',4,18,'Atención rápida'),
('2026-03-24','CENTRO','1712345634',5,29,'Excelente servicio'),
('2026-03-25','CENTRO','1712345642',5,21,'Excelente servicio'),
('2026-03-25','SUR','1712345643',1,32,'Faltó medicamento solicitado'),
('2026-03-26','SUR','1712345651',1,24,'Faltó medicamento solicitado'),
('2026-03-26','VALLE','1712345652',2,35,'Demasiada espera'),
('2026-03-27','VALLE','1712345660',2,27,'Demasiada espera'),
('2026-03-27','NORTE','1712345661',3,38,'Poca información al cliente'),
('2026-03-28','NORTE','1712345669',3,30,'Poca información al cliente'),
('2026-03-28','CENTRO','1712345670',4,41,'Local cómodo'),
('2026-03-29','CENTRO','1712345678',4,33,'Local cómodo'),
('2026-03-29','SUR','1712345679',5,6,'Proceso ágil'),
('2026-03-30','SUR','1712345687',5,36,'Proceso ágil'),
('2026-03-30','VALLE','1712345688',1,9,'Pocos productos disponibles'),
('2026-03-31','VALLE','1712345696',1,39,'Pocos productos disponibles'),
('2026-03-31','NORTE','1712345697',2,12,'Atención rápida'),
('2026-04-01','NORTE','1712345605',2,4,'Atención rápida'),
('2026-04-01','CENTRO','1712345606',3,15,'Excelente servicio'),
('2026-04-02','CENTRO','1712345614',3,7,'Excelente servicio'),
('2026-04-02','SUR','1712345615',4,18,'Faltó medicamento solicitado'),
('2026-04-03','SUR','1712345623',4,10,'Faltó medicamento solicitado'),
('2026-04-03','VALLE','1712345624',5,21,'Demasiada espera'),
('2026-04-04','VALLE','1712345632',5,13,'Demasiada espera'),
('2026-04-04','NORTE','1712345633',1,24,'Poca información al cliente'),
('2026-04-05','NORTE','1712345641',1,16,'Poca información al cliente'),
('2026-04-05','CENTRO','1712345642',2,27,'Local cómodo'),
('2026-04-06','CENTRO','1712345650',2,19,'Local cómodo'),
('2026-04-06','SUR','1712345651',3,30,'Proceso ágil'),
('2026-04-07','SUR','1712345659',3,22,'Proceso ágil'),
('2026-04-07','VALLE','1712345660',4,33,'Pocos productos disponibles'),
('2026-04-08','VALLE','1712345668',4,25,'Pocos productos disponibles'),
('2026-04-08','NORTE','1712345669',5,36,'Atención rápida'),
('2026-04-09','NORTE','1712345677',5,28,'Atención rápida'),
('2026-04-09','CENTRO','1712345678',1,39,'Excelente servicio'),
('2026-04-10','CENTRO','1712345686',1,31,'Excelente servicio'),
('2026-04-10','SUR','1712345687',2,4,'Faltó medicamento solicitado'),
('2026-04-11','SUR','1712345695',2,34,'Faltó medicamento solicitado'),
('2026-04-11','VALLE','1712345696',3,7,'Demasiada espera'),
('2026-04-12','VALLE','1712345604',3,37,'Demasiada espera'),
('2026-04-12','NORTE','1712345605',4,10,'Poca información al cliente'),
('2026-04-13','NORTE','1712345613',4,40,'Poca información al cliente'),
('2026-04-13','CENTRO','1712345614',5,13,'Local cómodo'),
('2026-04-14','CENTRO','1712345622',5,5,'Local cómodo'),
('2026-04-14','SUR','1712345623',1,16,'Proceso ágil'),
('2026-04-15','SUR','1712345631',1,8,'Proceso ágil'),
('2026-04-15','VALLE','1712345632',2,19,'Pocos productos disponibles'),
('2026-04-16','VALLE','1712345640',2,11,'Pocos productos disponibles'),
('2026-04-16','NORTE','1712345641',3,22,'Atención rápida'),
('2026-04-17','NORTE','1712345649',3,14,'Atención rápida'),
('2026-04-17','CENTRO','1712345650',4,25,'Excelente servicio'),
('2026-04-18','CENTRO','1712345658',4,17,'Excelente servicio'),
('2026-04-18','SUR','1712345659',5,28,'Faltó medicamento solicitado'),
('2026-04-19','SUR','1712345667',5,20,'Faltó medicamento solicitado'),
('2026-04-19','VALLE','1712345668',1,31,'Demasiada espera'),
('2026-04-20','VALLE','1712345676',1,23,'Demasiada espera'),
('2026-04-20','NORTE','1712345677',2,34,'Poca información al cliente'),
('2026-04-21','NORTE','1712345685',2,26,'Poca información al cliente'),
('2026-04-21','CENTRO','1712345686',3,37,'Local cómodo'),
('2026-04-22','CENTRO','1712345694',3,29,'Local cómodo'),
('2026-04-22','SUR','1712345695',4,40,'Proceso ágil'),
('2026-04-23','SUR','1712345603',4,32,'Proceso ágil'),
('2026-04-23','VALLE','1712345604',5,5,'Pocos productos disponibles'),
('2026-04-24','VALLE','1712345612',5,35,'Pocos productos disponibles'),
('2026-04-24','NORTE','1712345613',1,8,'Atención rápida'),
('2026-04-25','NORTE','1712345621',1,38,'Atención rápida'),
('2026-04-25','CENTRO','1712345622',2,11,'Excelente servicio'),
('2026-04-26','CENTRO','1712345630',2,41,'Excelente servicio'),
('2026-04-26','SUR','1712345631',3,14,'Faltó medicamento solicitado'),
('2026-04-27','SUR','1712345639',3,6,'Faltó medicamento solicitado'),
('2026-04-27','VALLE','1712345640',4,17,'Demasiada espera'),
('2026-04-28','VALLE','1712345648',4,9,'Demasiada espera'),
('2026-04-28','NORTE','1712345649',5,20,'Poca información al cliente'),
('2026-04-29','NORTE','1712345657',5,12,'Poca información al cliente'),
('2026-04-29','CENTRO','1712345658',1,23,'Local cómodo'),
('2026-04-30','CENTRO','1712345666',1,15,'Local cómodo'),
('2026-04-30','SUR','1712345667',2,26,'Proceso ágil'),
('2026-05-01','SUR','1712345675',2,18,'Proceso ágil'),
('2026-05-01','VALLE','1712345676',3,29,'Pocos productos disponibles'),
('2026-05-02','VALLE','1712345684',3,21,'Pocos productos disponibles'),
('2026-05-02','NORTE','1712345685',4,32,'Atención rápida'),
('2026-05-03','NORTE','1712345693',4,24,'Atención rápida'),
('2026-05-03','CENTRO','1712345694',5,35,'Excelente servicio'),
('2026-05-04','CENTRO','1712345602',5,27,'Excelente servicio'),
('2026-05-04','SUR','1712345603',1,38,'Faltó medicamento solicitado'),
('2026-05-05','SUR','1712345611',1,30,'Faltó medicamento solicitado'),
('2026-05-05','VALLE','1712345612',2,41,'Demasiada espera'),
('2026-05-06','VALLE','1712345620',2,33,'Demasiada espera'),
('2026-05-06','NORTE','1712345621',3,6,'Poca información al cliente'),
('2026-05-07','NORTE','1712345629',3,36,'Poca información al cliente'),
('2026-05-07','CENTRO','1712345630',4,9,'Local cómodo'),
('2026-05-08','CENTRO','1712345638',4,39,'Local cómodo'),
('2026-05-08','SUR','1712345639',5,12,'Proceso ágil'),
('2026-05-09','SUR','1712345647',5,4,'Proceso ágil'),
('2026-05-09','VALLE','1712345648',1,15,'Pocos productos disponibles'),
('2026-05-10','VALLE','1712345656',1,7,'Pocos productos disponibles'),
('2026-05-10','NORTE','1712345657',2,18,'Atención rápida'),
('2026-05-11','NORTE','1712345665',2,10,'Atención rápida'),
('2026-05-11','CENTRO','1712345666',3,21,'Excelente servicio'),
('2026-05-12','CENTRO','1712345674',3,13,'Excelente servicio'),
('2026-05-12','SUR','1712345675',4,24,'Faltó medicamento solicitado'),
('2026-05-13','SUR','1712345683',4,16,'Faltó medicamento solicitado'),
('2026-05-13','VALLE','1712345684',5,27,'Demasiada espera'),
('2026-05-14','VALLE','1712345692',5,19,'Demasiada espera'),
('2026-05-14','NORTE','1712345693',1,30,'Poca información al cliente'),
('2026-05-15','NORTE','1712345601',1,22,'Poca información al cliente'),
('2026-05-15','CENTRO','1712345602',2,33,'Local cómodo');
INSERT INTO encuesta_satisfaccion (fecha,codigo_sucursal,documento_cliente,puntuacion,tiempo_espera_minutos,comentario) VALUES
('2026-05-16','CENTRO','1712345610',2,25,'Local cómodo'),
('2026-05-16','SUR','1712345611',3,36,'Proceso ágil'),
('2026-05-17','SUR','1712345619',3,28,'Proceso ágil'),
('2026-05-17','VALLE','1712345620',4,39,'Pocos productos disponibles'),
('2026-05-18','VALLE','1712345628',4,31,'Pocos productos disponibles'),
('2026-05-18','NORTE','1712345629',5,4,'Atención rápida'),
('2026-05-19','NORTE','1712345637',5,34,'Atención rápida'),
('2026-05-19','CENTRO','1712345638',1,7,'Excelente servicio'),
('2026-05-20','CENTRO','1712345646',1,37,'Excelente servicio'),
('2026-05-20','SUR','1712345647',2,10,'Faltó medicamento solicitado'),
('2026-05-21','SUR','1712345655',2,40,'Faltó medicamento solicitado'),
('2026-05-21','VALLE','1712345656',3,13,'Demasiada espera'),
('2026-05-22','VALLE','1712345664',3,5,'Demasiada espera'),
('2026-05-22','NORTE','1712345665',4,16,'Poca información al cliente'),
('2026-05-23','NORTE','1712345673',4,8,'Poca información al cliente'),
('2026-05-23','CENTRO','1712345674',5,19,'Local cómodo'),
('2026-05-24','CENTRO','1712345682',5,11,'Local cómodo'),
('2026-05-24','SUR','1712345683',1,22,'Proceso ágil'),
('2026-05-25','SUR','1712345691',1,14,'Proceso ágil'),
('2026-05-25','VALLE','1712345692',2,25,'Pocos productos disponibles'),
('2026-05-26','VALLE','1712345700',2,17,'Pocos productos disponibles'),
('2026-05-26','NORTE','1712345601',3,28,'Atención rápida'),
('2026-05-27','NORTE','1712345609',3,20,'Atención rápida'),
('2026-05-27','CENTRO','1712345610',4,31,'Excelente servicio'),
('2026-05-28','CENTRO','1712345618',4,23,'Excelente servicio'),
('2026-05-28','SUR','1712345619',5,34,'Faltó medicamento solicitado'),
('2026-05-29','SUR','1712345627',5,26,'Faltó medicamento solicitado'),
('2026-05-29','VALLE','1712345628',1,37,'Demasiada espera'),
('2026-05-30','VALLE','1712345636',1,29,'Demasiada espera'),
('2026-05-30','NORTE','1712345637',2,40,'Poca información al cliente'),
('2026-05-31','NORTE','1712345645',2,32,'Poca información al cliente'),
('2026-05-31','CENTRO','1712345646',3,5,'Local cómodo'),
('2026-06-01','CENTRO','1712345654',3,35,'Local cómodo'),
('2026-06-01','SUR','1712345655',4,8,'Proceso ágil'),
('2026-06-02','SUR','1712345663',4,38,'Proceso ágil'),
('2026-06-02','VALLE','1712345664',5,11,'Pocos productos disponibles'),
('2026-06-03','VALLE','1712345672',5,41,'Pocos productos disponibles'),
('2026-06-03','NORTE','1712345673',1,14,'Atención rápida'),
('2026-06-04','NORTE','1712345681',1,6,'Atención rápida'),
('2026-06-04','CENTRO','1712345682',2,17,'Excelente servicio'),
('2026-06-05','CENTRO','1712345690',2,9,'Excelente servicio'),
('2026-06-05','SUR','1712345691',3,20,'Faltó medicamento solicitado'),
('2026-06-06','SUR','1712345699',3,12,'Faltó medicamento solicitado'),
('2026-06-06','VALLE','1712345700',4,23,'Demasiada espera'),
('2026-06-07','VALLE','1712345608',4,15,'Demasiada espera'),
('2026-06-07','NORTE','1712345609',5,26,'Poca información al cliente'),
('2026-06-08','NORTE','1712345617',5,18,'Poca información al cliente'),
('2026-06-08','CENTRO','1712345618',1,29,'Local cómodo'),
('2026-06-09','CENTRO','1712345626',1,21,'Local cómodo'),
('2026-06-09','SUR','1712345627',2,32,'Proceso ágil'),
('2026-06-10','SUR','1712345635',2,24,'Proceso ágil'),
('2026-06-10','VALLE','1712345636',3,35,'Pocos productos disponibles'),
('2026-06-11','VALLE','1712345644',3,27,'Pocos productos disponibles'),
('2026-06-11','NORTE','1712345645',4,38,'Atención rápida'),
('2026-06-12','NORTE','1712345653',4,30,'Atención rápida'),
('2026-06-12','CENTRO','1712345654',5,41,'Excelente servicio'),
('2026-06-13','CENTRO','1712345662',5,33,'Excelente servicio'),
('2026-06-13','SUR','1712345663',1,6,'Faltó medicamento solicitado'),
('2026-06-14','SUR','1712345671',1,36,'Faltó medicamento solicitado'),
('2026-06-14','VALLE','1712345672',2,9,'Demasiada espera'),
('2026-06-15','VALLE','1712345680',2,39,'Demasiada espera'),
('2026-06-15','NORTE','1712345681',3,12,'Poca información al cliente'),
('2026-06-16','NORTE','1712345689',3,4,'Poca información al cliente'),
('2026-06-16','CENTRO','1712345690',4,15,'Local cómodo'),
('2026-06-17','CENTRO','1712345698',4,7,'Local cómodo'),
('2026-06-17','SUR','1712345699',5,18,'Proceso ágil'),
('2026-06-18','SUR','1712345607',5,10,'Proceso ágil'),
('2026-06-18','VALLE','1712345608',1,21,'Pocos productos disponibles'),
('2026-06-19','VALLE','1712345616',1,13,'Pocos productos disponibles'),
('2026-06-19','NORTE','1712345617',2,24,'Atención rápida'),
('2026-06-20','NORTE','1712345625',2,16,'Atención rápida'),
('2026-06-20','CENTRO','1712345626',3,27,'Excelente servicio'),
('2026-06-21','CENTRO','1712345634',3,19,'Excelente servicio'),
('2026-06-21','SUR','1712345635',4,30,'Faltó medicamento solicitado'),
('2026-06-22','SUR','1712345643',4,22,'Faltó medicamento solicitado'),
('2026-06-22','VALLE','1712345644',5,33,'Demasiada espera'),
('2026-06-23','VALLE','1712345652',5,25,'Demasiada espera'),
('2026-06-23','NORTE','1712345653',1,36,'Poca información al cliente'),
('2026-06-24','NORTE','1712345661',1,28,'Poca información al cliente'),
('2026-06-24','CENTRO','1712345662',2,39,'Local cómodo'),
('2026-06-25','CENTRO','1712345670',2,31,'Local cómodo'),
('2026-06-25','SUR','1712345671',3,4,'Proceso ágil'),
('2026-06-26','SUR','1712345679',3,34,'Proceso ágil'),
('2026-06-26','VALLE','1712345680',4,7,'Pocos productos disponibles'),
('2026-06-27','VALLE','1712345688',4,37,'Pocos productos disponibles'),
('2026-06-27','NORTE','1712345689',5,10,'Atención rápida'),
('2026-06-28','NORTE','1712345697',5,40,'Atención rápida'),
('2026-06-28','CENTRO','1712345698',1,13,'Excelente servicio'),
('2026-06-29','CENTRO','1712345606',1,5,'Excelente servicio'),
('2026-06-29','SUR','1712345607',2,16,'Faltó medicamento solicitado'),
('2026-06-30','SUR','1712345615',2,8,'Faltó medicamento solicitado'),
('2026-06-30','VALLE','1712345616',3,19,'Demasiada espera'),
('2026-07-01','VALLE','1712345624',3,11,'Demasiada espera'),
('2026-07-01','NORTE','1712345625',4,22,'Poca información al cliente'),
('2026-07-02','NORTE','1712345633',4,14,'Poca información al cliente'),
('2026-07-02','CENTRO','1712345634',5,25,'Local cómodo'),
('2026-07-03','CENTRO','1712345642',5,17,'Local cómodo'),
('2026-07-03','SUR','1712345643',1,28,'Proceso ágil'),
('2026-07-04','SUR','1712345651',1,20,'Proceso ágil'),
('2026-07-04','VALLE','1712345652',2,31,'Pocos productos disponibles'),
('2026-07-05','VALLE','1712345660',2,23,'Pocos productos disponibles'),
('2026-07-05','NORTE','1712345661',3,34,'Atención rápida'),
('2026-07-06','NORTE','1712345669',3,26,'Atención rápida'),
('2026-07-06','CENTRO','1712345670',4,37,'Excelente servicio'),
('2026-07-07','CENTRO','1712345678',4,29,'Excelente servicio'),
('2026-07-07','SUR','1712345679',5,40,'Faltó medicamento solicitado'),
('2026-07-08','SUR','1712345687',5,32,'Faltó medicamento solicitado'),
('2026-07-08','VALLE','1712345688',1,5,'Demasiada espera'),
('2026-07-09','VALLE','1712345696',1,35,'Demasiada espera'),
('2026-07-09','NORTE','1712345697',2,8,'Poca información al cliente'),
('2026-07-10','NORTE','1712345605',2,38,'Poca información al cliente'),
('2026-07-10','CENTRO','1712345606',3,11,'Local cómodo'),
('2026-07-11','CENTRO','1712345614',3,41,'Local cómodo'),
('2026-07-11','SUR','1712345615',4,14,'Proceso ágil'),
('2026-07-12','SUR','1712345623',4,6,'Proceso ágil'),
('2026-07-12','VALLE','1712345624',5,17,'Pocos productos disponibles'),
('2026-07-13','VALLE','1712345632',5,9,'Pocos productos disponibles'),
('2026-07-13','NORTE','1712345633',1,20,'Atención rápida'),
('2026-07-14','NORTE','1712345641',1,12,'Atención rápida'),
('2026-07-14','CENTRO','1712345642',2,23,'Excelente servicio'),
('2026-07-15','CENTRO','1712345650',2,15,'Excelente servicio'),
('2026-07-15','SUR','1712345651',3,26,'Faltó medicamento solicitado'),
('2026-07-16','SUR','1712345659',3,18,'Faltó medicamento solicitado'),
('2026-07-16','VALLE','1712345660',4,29,'Demasiada espera'),
('2026-07-17','VALLE','1712345668',4,21,'Demasiada espera'),
('2026-07-17','NORTE','1712345669',5,32,'Poca información al cliente'),
('2026-07-18','NORTE','1712345677',5,24,'Poca información al cliente'),
('2026-07-18','CENTRO','1712345678',1,35,'Local cómodo'),
('2026-07-19','CENTRO','1712345686',1,27,'Local cómodo'),
('2026-07-19','SUR','1712345687',2,38,'Proceso ágil'),
('2026-07-20','SUR','1712345695',2,30,'Proceso ágil'),
('2026-07-20','VALLE','1712345696',3,41,'Pocos productos disponibles'),
('2026-07-21','VALLE','1712345604',3,33,'Pocos productos disponibles'),
('2026-07-21','NORTE','1712345605',4,6,'Atención rápida'),
('2026-07-22','NORTE','1712345613',4,36,'Atención rápida'),
('2026-07-22','CENTRO','1712345614',5,9,'Excelente servicio'),
('2026-07-23','CENTRO','1712345622',5,39,'Excelente servicio'),
('2026-07-23','SUR','1712345623',1,12,'Faltó medicamento solicitado'),
('2026-07-24','SUR','1712345631',1,4,'Faltó medicamento solicitado'),
('2026-07-24','VALLE','1712345632',2,15,'Demasiada espera'),
('2026-07-25','VALLE','1712345640',2,7,'Demasiada espera'),
('2026-07-25','NORTE','1712345641',3,18,'Poca información al cliente'),
('2026-07-26','NORTE','1712345649',3,10,'Poca información al cliente'),
('2026-07-26','CENTRO','1712345650',4,21,'Local cómodo'),
('2026-07-27','CENTRO','1712345658',4,13,'Local cómodo'),
('2026-07-27','SUR','1712345659',5,24,'Proceso ágil'),
('2026-07-28','SUR','1712345667',5,16,'Proceso ágil'),
('2026-07-28','VALLE','1712345668',1,27,'Pocos productos disponibles'),
('2026-07-29','VALLE','1712345676',1,19,'Pocos productos disponibles'),
('2026-07-29','NORTE','1712345677',2,30,'Atención rápida'),
('2026-07-30','NORTE','1712345685',2,22,'Atención rápida'),
('2026-07-30','CENTRO','1712345686',3,33,'Excelente servicio'),
('2026-07-31','CENTRO','1712345694',3,25,'Excelente servicio'),
('2026-07-31','SUR','1712345695',4,36,'Faltó medicamento solicitado'),
('2026-08-01','SUR','1712345603',4,28,'Faltó medicamento solicitado'),
('2026-08-01','VALLE','1712345604',5,39,'Demasiada espera'),
('2026-08-02','VALLE','1712345612',5,31,'Demasiada espera'),
('2026-08-02','NORTE','1712345613',1,4,'Poca información al cliente'),
('2026-08-03','NORTE','1712345621',1,34,'Poca información al cliente'),
('2026-08-03','CENTRO','1712345622',2,7,'Local cómodo'),
('2026-08-04','CENTRO','1712345630',2,37,'Local cómodo'),
('2026-08-04','SUR','1712345631',3,10,'Proceso ágil'),
('2026-08-05','SUR','1712345639',3,40,'Proceso ágil'),
('2026-08-05','VALLE','1712345640',4,13,'Pocos productos disponibles'),
('2026-08-06','VALLE','1712345648',4,5,'Pocos productos disponibles'),
('2026-08-06','NORTE','1712345649',5,16,'Atención rápida'),
('2026-08-07','NORTE','1712345657',5,8,'Atención rápida'),
('2026-08-07','CENTRO','1712345658',1,19,'Excelente servicio'),
('2026-08-08','CENTRO','1712345666',1,11,'Excelente servicio'),
('2026-08-08','SUR','1712345667',2,22,'Faltó medicamento solicitado'),
('2026-08-09','SUR','1712345675',2,14,'Faltó medicamento solicitado'),
('2026-08-09','VALLE','1712345676',3,25,'Demasiada espera'),
('2026-08-10','VALLE','1712345684',3,17,'Demasiada espera'),
('2026-08-10','NORTE','1712345685',4,28,'Poca información al cliente'),
('2026-08-11','NORTE','1712345693',4,20,'Poca información al cliente'),
('2026-08-11','CENTRO','1712345694',5,31,'Local cómodo'),
('2026-08-12','CENTRO','1712345602',5,23,'Local cómodo'),
('2026-08-12','SUR','1712345603',1,34,'Proceso ágil'),
('2026-08-13','SUR','1712345611',1,26,'Proceso ágil'),
('2026-08-13','VALLE','1712345612',2,37,'Pocos productos disponibles'),
('2026-08-14','VALLE','1712345620',2,29,'Pocos productos disponibles'),
('2026-08-14','NORTE','1712345621',3,40,'Atención rápida'),
('2026-08-15','NORTE','1712345629',3,32,'Atención rápida'),
('2026-08-15','CENTRO','1712345630',4,5,'Excelente servicio'),
('2026-08-16','CENTRO','1712345638',4,35,'Excelente servicio'),
('2026-08-16','SUR','1712345639',5,8,'Faltó medicamento solicitado'),
('2026-08-17','SUR','1712345647',5,38,'Faltó medicamento solicitado'),
('2026-08-17','VALLE','1712345648',1,11,'Demasiada espera'),
('2026-08-18','VALLE','1712345656',1,41,'Demasiada espera'),
('2026-08-18','NORTE','1712345657',2,14,'Poca información al cliente'),
('2026-08-19','NORTE','1712345665',2,6,'Poca información al cliente'),
('2026-08-19','CENTRO','1712345666',3,17,'Local cómodo'),
('2026-08-20','CENTRO','1712345674',3,9,'Local cómodo'),
('2026-08-20','SUR','1712345675',4,20,'Proceso ágil'),
('2026-08-21','SUR','1712345683',4,12,'Proceso ágil'),
('2026-08-21','VALLE','1712345684',5,23,'Pocos productos disponibles'),
('2026-08-22','VALLE','1712345692',5,15,'Pocos productos disponibles'),
('2026-08-22','NORTE','1712345693',1,26,'Atención rápida'),
('2026-08-23','NORTE','1712345601',1,18,'Atención rápida'),
('2026-08-23','CENTRO','1712345602',2,29,'Excelente servicio'),
('2026-08-24','CENTRO','1712345610',2,21,'Excelente servicio'),
('2026-08-24','SUR','1712345611',3,32,'Faltó medicamento solicitado'),
('2026-08-25','SUR','1712345619',3,24,'Faltó medicamento solicitado'),
('2026-08-25','VALLE','1712345620',4,35,'Demasiada espera'),
('2026-08-26','VALLE','1712345628',4,27,'Demasiada espera'),
('2026-08-26','NORTE','1712345629',5,38,'Poca información al cliente'),
('2026-08-27','NORTE','1712345637',5,30,'Poca información al cliente'),
('2026-08-27','CENTRO','1712345638',1,41,'Local cómodo'),
('2026-08-28','CENTRO','1712345646',1,33,'Local cómodo'),
('2026-08-28','SUR','1712345647',2,6,'Proceso ágil'),
('2026-08-29','SUR','1712345655',2,36,'Proceso ágil'),
('2026-08-29','VALLE','1712345656',3,9,'Pocos productos disponibles'),
('2026-08-30','VALLE','1712345664',3,39,'Pocos productos disponibles'),
('2026-08-30','NORTE','1712345665',4,12,'Atención rápida'),
('2026-08-31','NORTE','1712345673',4,4,'Atención rápida'),
('2026-08-31','CENTRO','1712345674',5,15,'Excelente servicio'),
('2026-09-01','CENTRO','1712345682',5,7,'Excelente servicio'),
('2026-09-01','SUR','1712345683',1,18,'Faltó medicamento solicitado'),
('2026-09-02','SUR','1712345691',1,10,'Faltó medicamento solicitado'),
('2026-09-02','VALLE','1712345692',2,21,'Demasiada espera'),
('2026-09-03','VALLE','1712345700',2,13,'Demasiada espera'),
('2026-09-03','NORTE','1712345601',3,24,'Poca información al cliente'),
('2026-09-04','NORTE','1712345609',3,16,'Poca información al cliente'),
('2026-09-04','CENTRO','1712345610',4,27,'Local cómodo'),
('2026-09-05','CENTRO','1712345618',4,19,'Local cómodo'),
('2026-09-05','SUR','1712345619',5,30,'Proceso ágil'),
('2026-09-06','SUR','1712345627',5,22,'Proceso ágil'),
('2026-09-06','VALLE','1712345628',1,33,'Pocos productos disponibles'),
('2026-09-07','VALLE','1712345636',1,25,'Pocos productos disponibles'),
('2026-09-07','NORTE','1712345637',2,36,'Atención rápida'),
('2026-09-08','NORTE','1712345645',2,28,'Atención rápida'),
('2026-09-08','CENTRO','1712345646',3,39,'Excelente servicio'),
('2026-09-09','CENTRO','1712345654',3,31,'Excelente servicio'),
('2026-09-09','SUR','1712345655',4,4,'Faltó medicamento solicitado'),
('2026-09-10','SUR','1712345663',4,34,'Faltó medicamento solicitado'),
('2026-09-10','VALLE','1712345664',5,7,'Demasiada espera'),
('2026-09-11','VALLE','1712345672',5,37,'Demasiada espera'),
('2026-09-11','NORTE','1712345673',1,10,'Poca información al cliente'),
('2026-09-12','NORTE','1712345681',1,40,'Poca información al cliente'),
('2026-09-12','CENTRO','1712345682',2,13,'Local cómodo'),
('2026-09-13','CENTRO','1712345690',2,5,'Local cómodo'),
('2026-09-13','SUR','1712345691',3,16,'Proceso ágil'),
('2026-09-14','SUR','1712345699',3,8,'Proceso ágil'),
('2026-09-14','VALLE','1712345700',4,19,'Pocos productos disponibles'),
('2026-09-15','VALLE','1712345608',4,11,'Pocos productos disponibles'),
('2026-09-15','NORTE','1712345609',5,22,'Atención rápida'),
('2026-09-16','NORTE','1712345617',5,14,'Atención rápida'),
('2026-09-16','CENTRO','1712345618',1,25,'Excelente servicio'),
('2026-09-17','CENTRO','1712345626',1,17,'Excelente servicio'),
('2026-09-17','SUR','1712345627',2,28,'Faltó medicamento solicitado'),
('2026-09-18','SUR','1712345635',2,20,'Faltó medicamento solicitado'),
('2026-09-18','VALLE','1712345636',3,31,'Demasiada espera'),
('2026-09-19','VALLE','1712345644',3,23,'Demasiada espera'),
('2026-09-19','NORTE','1712345645',4,34,'Poca información al cliente'),
('2026-09-20','NORTE','1712345653',4,26,'Poca información al cliente'),
('2026-09-20','CENTRO','1712345654',5,37,'Local cómodo'),
('2026-09-21','CENTRO','1712345662',5,29,'Local cómodo'),
('2026-09-21','SUR','1712345663',1,40,'Proceso ágil'),
('2026-09-22','SUR','1712345671',1,32,'Proceso ágil'),
('2026-09-22','VALLE','1712345672',2,5,'Pocos productos disponibles'),
('2026-09-23','VALLE','1712345680',2,35,'Pocos productos disponibles'),
('2026-09-23','NORTE','1712345681',3,8,'Atención rápida'),
('2026-09-24','NORTE','1712345689',3,38,'Atención rápida'),
('2026-09-24','CENTRO','1712345690',4,11,'Excelente servicio'),
('2026-09-25','CENTRO','1712345698',7,120,'Excelente servicio'),
('2026-09-25','SUR','1712345699',5,14,'Faltó medicamento solicitado'),
('2026-09-26','SUR','1712345607',5,6,'Faltó medicamento solicitado'),
('2026-09-26','VALLE','1712345608',1,17,'Demasiada espera'),
('2026-09-27','VALLE','1712345616',1,9,'Demasiada espera'),
('2026-09-27','NORTE','1712345617',2,20,'Poca información al cliente'),
('2026-09-28','NORTE','1712345625',2,12,'Poca información al cliente'),
('2026-09-28','CENTRO','1712345626',3,23,'Local cómodo'),
('2026-09-29','CENTRO','1712345634',3,15,'Local cómodo'),
('2026-09-29','SUR','1712345635',4,26,'Proceso ágil'),
('2026-09-30','SUR','1712345643',4,18,'Proceso ágil'),
('2026-09-30','VALLE','1712345644',5,29,'Pocos productos disponibles'),
('2026-10-01','VALLE','1712345652',5,21,'Pocos productos disponibles'),
('2026-10-01','NORTE','1712345653',1,32,'Atención rápida'),
('2026-10-02','NORTE','1712345661',1,24,'Atención rápida'),
('2026-10-02','CENTRO','1712345662',2,35,'Excelente servicio'),
('2026-10-03','CENTRO','1712345670',2,27,'Excelente servicio'),
('2026-10-03','SUR','1712345671',3,38,'Faltó medicamento solicitado'),
('2026-10-04','SUR','1712345679',3,30,'Faltó medicamento solicitado'),
('2026-10-04','VALLE','1712345680',4,41,'Demasiada espera'),
('2026-10-05','VALLE','1712345688',4,33,'Demasiada espera'),
('2026-10-05','NORTE','1712345689',5,6,'Poca información al cliente'),
('2026-10-06','NORTE','1712345697',5,36,'Poca información al cliente'),
('2026-10-06','CENTRO','1712345698',1,9,'Local cómodo'),
('2026-10-07','CENTRO','1712345606',1,39,'Local cómodo'),
('2026-10-07','SUR','1712345607',2,12,'Proceso ágil'),
('2026-10-08','SUR','1712345615',2,4,'Proceso ágil'),
('2026-10-08','VALLE','1712345616',3,15,'Pocos productos disponibles'),
('2026-10-09','VALLE','1712345624',3,7,'Pocos productos disponibles'),
('2026-10-09','NORTE','1712345625',4,18,'Atención rápida'),
('2026-10-10','NORTE','1712345633',4,10,'Atención rápida'),
('2026-10-10','CENTRO','1712345634',5,21,'Excelente servicio'),
('2026-10-11','CENTRO','1712345642',5,13,'Excelente servicio'),
('2026-10-11','SUR','1712345643',1,24,'Faltó medicamento solicitado'),
('2026-10-12','SUR','1712345651',1,16,'Faltó medicamento solicitado'),
('2026-10-12','VALLE','1712345652',2,27,'Demasiada espera'),
('2026-10-13','VALLE','1712345660',2,19,'Demasiada espera'),
('2026-10-13','NORTE','1712345661',3,30,'Poca información al cliente'),
('2026-10-14','NORTE','1712345669',3,22,'Poca información al cliente'),
('2026-10-14','CENTRO','1712345670',4,33,'Local cómodo'),
('2026-10-15','CENTRO','1712345678',4,25,'Local cómodo'),
('2026-10-15','SUR','1712345679',5,36,'Proceso ágil'),
('2026-10-16','SUR','1712345687',5,28,'Proceso ágil'),
('2026-10-16','VALLE','1712345688',1,39,'Pocos productos disponibles'),
('2026-10-17','VALLE','1712345696',1,31,'Pocos productos disponibles'),
('2026-10-17','NORTE','1712345697',2,4,'Atención rápida'),
('2026-10-18','NORTE','1712345605',2,34,'Atención rápida'),
('2026-10-18','CENTRO','1712345606',3,7,'Excelente servicio'),
('2026-10-19','CENTRO','1712345614',3,37,'Excelente servicio'),
('2026-10-19','SUR','1712345615',4,10,'Faltó medicamento solicitado'),
('2026-10-20','SUR','1712345623',4,40,'Faltó medicamento solicitado'),
('2026-10-20','VALLE','1712345624',5,13,'Demasiada espera'),
('2026-10-21','VALLE','1712345632',5,5,'Demasiada espera'),
('2026-10-21','NORTE','1712345633',1,16,'Poca información al cliente'),
('2026-10-22','NORTE','1712345641',1,8,'Poca información al cliente'),
('2026-10-22','CENTRO','1712345642',2,19,'Local cómodo'),
('2026-10-23','CENTRO','1712345650',2,11,'Local cómodo'),
('2026-10-23','SUR','1712345651',3,22,'Proceso ágil'),
('2026-10-24','SUR','1712345659',3,14,'Proceso ágil'),
('2026-10-24','VALLE','1712345660',4,25,'Pocos productos disponibles'),
('2026-10-25','VALLE','1712345668',4,17,'Pocos productos disponibles'),
('2026-10-25','NORTE','1712345669',5,28,'Atención rápida'),
('2026-10-26','NORTE','1712345677',5,20,'Atención rápida'),
('2026-10-26','CENTRO','1712345678',1,31,'Excelente servicio'),
('2026-10-27','CENTRO','1712345686',1,23,'Excelente servicio'),
('2026-10-27','SUR','1712345687',2,34,'Faltó medicamento solicitado'),
('2026-10-28','SUR','1712345695',2,26,'Faltó medicamento solicitado'),
('2026-10-28','VALLE','1712345696',3,37,'Demasiada espera'),
('2026-10-29','VALLE','1712345604',3,29,'Demasiada espera'),
('2026-10-29','NORTE','1712345605',4,40,'Poca información al cliente'),
('2026-10-30','NORTE','1712345613',4,32,'Poca información al cliente'),
('2026-10-30','CENTRO','1712345614',5,5,'Local cómodo'),
('2026-10-31','CENTRO','1712345622',5,35,'Local cómodo'),
('2026-10-31','SUR','1712345623',1,8,'Proceso ágil'),
('2026-11-01','SUR','1712345631',1,38,'Proceso ágil'),
('2026-11-01','VALLE','1712345632',2,11,'Pocos productos disponibles'),
('2026-11-02','VALLE','1712345640',2,41,'Pocos productos disponibles'),
('2026-11-02','NORTE','1712345641',3,14,'Atención rápida'),
('2026-11-03','NORTE','1712345649',3,6,'Atención rápida'),
('2026-11-03','CENTRO','1712345650',4,17,'Excelente servicio'),
('2026-11-04','CENTRO','1712345658',4,9,'Excelente servicio'),
('2026-11-04','SUR','1712345659',5,20,'Faltó medicamento solicitado'),
('2026-11-05','SUR','1712345667',5,12,'Faltó medicamento solicitado'),
('2026-11-05','VALLE','1712345668',1,23,'Demasiada espera'),
('2026-11-06','VALLE','1712345676',1,15,'Demasiada espera'),
('2026-11-06','NORTE','1712345677',2,26,'Poca información al cliente'),
('2026-11-07','NORTE','1712345685',2,18,'Poca información al cliente'),
('2026-11-07','CENTRO','1712345686',3,29,'Local cómodo'),
('2026-11-08','CENTRO','1712345694',3,21,'Local cómodo'),
('2026-11-08','SUR','1712345695',4,32,'Proceso ágil'),
('2026-11-09','SUR','1712345603',4,24,'Proceso ágil'),
('2026-11-09','VALLE','1712345604',5,35,'Pocos productos disponibles'),
('2026-11-10','VALLE','1712345612',5,27,'Pocos productos disponibles'),
('2026-11-10','NORTE','1712345613',1,38,'Atención rápida'),
('2026-11-11','NORTE','1712345621',1,30,'Atención rápida'),
('2026-11-11','CENTRO','1712345622',2,41,'Excelente servicio'),
('2026-11-12','CENTRO','1712345630',2,33,'Excelente servicio'),
('2026-11-12','SUR','1712345631',3,6,'Faltó medicamento solicitado'),
('2026-11-13','SUR','1712345639',3,36,'Faltó medicamento solicitado'),
('2026-11-13','VALLE','1712345640',4,9,'Demasiada espera'),
('2026-11-14','VALLE','1712345648',4,39,'Demasiada espera'),
('2026-11-14','NORTE','1712345649',5,12,'Poca información al cliente'),
('2026-11-15','NORTE','1712345657',5,4,'Poca información al cliente'),
('2026-11-15','CENTRO','1712345658',1,15,'Local cómodo'),
('2026-11-16','CENTRO','1712345666',1,7,'Local cómodo'),
('2026-11-16','SUR','1712345667',2,18,'Proceso ágil'),
('2026-11-17','SUR','1712345675',2,10,'Proceso ágil'),
('2026-11-17','VALLE','1712345676',3,21,'Pocos productos disponibles'),
('2026-11-18','VALLE','1712345684',3,13,'Pocos productos disponibles'),
('2026-11-18','NORTE','1712345685',4,24,'Atención rápida'),
('2026-11-19','NORTE','1712345693',4,16,'Atención rápida'),
('2026-11-19','CENTRO','1712345694',5,27,'Excelente servicio'),
('2026-11-20','CENTRO','1712345602',5,19,'Excelente servicio'),
('2026-11-20','SUR','1712345603',1,30,'Faltó medicamento solicitado'),
('2026-11-21','SUR','1712345611',1,22,'Faltó medicamento solicitado'),
('2026-11-21','VALLE','1712345612',2,33,'Demasiada espera'),
('2026-11-22','VALLE','1712345620',2,25,'Demasiada espera'),
('2026-11-22','NORTE','1712345621',3,36,'Poca información al cliente'),
('2026-11-23','NORTE','1712345629',3,28,'Poca información al cliente'),
('2026-11-23','CENTRO','1712345630',4,39,'Local cómodo'),
('2026-11-24','CENTRO','1712345638',4,31,'Local cómodo'),
('2026-11-24','SUR','1712345639',5,4,'Proceso ágil'),
('2026-11-25','SUR','1712345647',5,34,'Proceso ágil'),
('2026-11-25','VALLE','1712345648',1,7,'Pocos productos disponibles'),
('2026-11-26','VALLE','1712345656',1,37,'Pocos productos disponibles'),
('2026-11-26','NORTE','1712345657',2,10,'Atención rápida'),
('2026-11-27','NORTE','1712345665',2,40,'Atención rápida'),
('2026-11-27','CENTRO','1712345666',3,13,'Excelente servicio'),
('2026-11-28','CENTRO','1712345674',3,5,'Excelente servicio'),
('2026-11-28','SUR','1712345675',4,16,'Faltó medicamento solicitado'),
('2026-11-29','SUR','1712345683',4,8,'Faltó medicamento solicitado'),
('2026-11-29','VALLE','1712345684',5,19,'Demasiada espera'),
('2026-11-30','VALLE','1712345692',5,11,'Demasiada espera'),
('2026-11-30','NORTE','1712345693',1,22,'Poca información al cliente'),
('2026-12-01','NORTE','1712345601',1,14,'Poca información al cliente'),
('2026-12-01','CENTRO','1712345602',2,25,'Local cómodo'),
('2026-12-02','CENTRO','1712345610',2,17,'Local cómodo'),
('2026-12-02','SUR','1712345611',3,28,'Proceso ágil'),
('2026-12-03','SUR','1712345619',3,20,'Proceso ágil'),
('2026-12-03','VALLE','1712345620',4,31,'Pocos productos disponibles'),
('2026-12-04','VALLE','1712345628',4,23,'Pocos productos disponibles'),
('2026-12-04','NORTE','1712345629',5,34,'Atención rápida'),
('2026-12-05','NORTE','1712345637',5,26,'Atención rápida'),
('2026-12-05','CENTRO','1712345638',1,37,'Excelente servicio'),
('2026-12-06','CENTRO','1712345646',1,29,'Excelente servicio'),
('2026-12-06','SUR','1712345647',2,40,'Faltó medicamento solicitado'),
('2026-12-07','SUR','1712345655',2,32,'Faltó medicamento solicitado'),
('2026-12-07','VALLE','1712345656',3,5,'Demasiada espera'),
('2026-12-08','VALLE','1712345664',3,35,'Demasiada espera'),
('2026-12-08','NORTE','1712345665',4,8,'Poca información al cliente'),
('2026-12-09','NORTE','1712345673',4,38,'Poca información al cliente'),
('2026-12-09','CENTRO','1712345674',5,11,'Local cómodo'),
('2026-12-10','CENTRO','1712345682',5,41,'Local cómodo'),
('2026-12-10','SUR','1712345683',1,14,'Proceso ágil'),
('2026-12-11','SUR','1712345691',1,6,'Proceso ágil'),
('2026-12-11','VALLE','1712345692',2,17,'Pocos productos disponibles'),
('2026-12-12','VALLE','1712345700',2,9,'Pocos productos disponibles'),
('2026-12-12','NORTE','1712345601',3,20,'Atención rápida'),
('2026-12-13','NORTE','1712345609',3,12,'Atención rápida'),
('2026-12-13','CENTRO','1712345610',4,23,'Excelente servicio'),
('2026-12-14','CENTRO','1712345618',4,15,'Excelente servicio'),
('2026-12-14','SUR','1712345619',5,26,'Faltó medicamento solicitado'),
('2026-12-15','SUR','1712345627',5,18,'Faltó medicamento solicitado'),
('2026-12-15','VALLE','1712345628',1,29,'Demasiada espera'),
('2026-12-16','VALLE','1712345636',1,21,'Demasiada espera'),
('2026-12-16','NORTE','1712345637',2,32,'Poca información al cliente'),
('2026-12-17','NORTE','1712345645',2,24,'Poca información al cliente'),
('2026-12-17','CENTRO','1712345646',3,35,'Local cómodo'),
('2026-12-18','CENTRO','1712345654',3,27,'Local cómodo'),
('2026-12-18','SUR','1712345655',4,38,'Proceso ágil'),
('2026-12-19','SUR','1712345663',4,30,'Proceso ágil'),
('2026-12-19','VALLE','1712345664',5,41,'Pocos productos disponibles'),
('2026-12-20','VALLE','1712345672',5,33,'Pocos productos disponibles'),
('2026-12-20','NORTE','1712345673',1,6,'Atención rápida'),
('2026-12-21','NORTE','1712345681',1,36,'Atención rápida'),
('2026-12-21','CENTRO','1712345682',2,9,'Excelente servicio'),
('2026-12-22','CENTRO','1712345690',2,39,'Excelente servicio'),
('2026-12-22','SUR','1712345691',3,12,'Faltó medicamento solicitado'),
('2026-12-23','SUR','1712345699',3,4,'Faltó medicamento solicitado'),
('2026-12-23','VALLE','1712345700',4,15,'Demasiada espera'),
('2026-12-24','VALLE','1712345608',4,7,'Demasiada espera'),
('2026-12-24','NORTE','1712345609',5,18,'Poca información al cliente'),
('2026-12-25','NORTE','1712345617',5,10,'Poca información al cliente'),
('2026-12-25','CENTRO','1712345618',1,21,'Local cómodo'),
('2026-12-26','CENTRO','1712345626',1,13,'Local cómodo'),
('2026-12-26','SUR','1712345627',2,24,'Proceso ágil'),
('2026-12-27','SUR','1712345635',2,16,'Proceso ágil'),
('2026-12-27','VALLE','1712345636',3,27,'Pocos productos disponibles'),
('2026-12-28','VALLE','1712345644',3,19,'Pocos productos disponibles'),
('2026-12-28','NORTE','1712345645',4,30,'Atención rápida'),
('2026-12-29','NORTE','1712345653',4,22,'Atención rápida'),
('2026-12-29','CENTRO','1712345654',5,33,'Excelente servicio'),
('2026-12-30','CENTRO','1712345662',5,25,'Excelente servicio'),
('2026-12-30','SUR','1712345663',1,36,'Faltó medicamento solicitado'),
('2026-12-31','SUR','1712345671',1,28,'Faltó medicamento solicitado'),
('2026-12-31','VALLE','1712345672',2,39,'Demasiada espera');

-- Consultas de comprobación
-- SELECT COUNT(*) AS clientes FROM gestion.cliente;
-- SELECT COUNT(*) AS metas FROM gestion.meta_mensual;
-- SELECT fecha, COUNT(*) AS encuestas FROM gestion.encuesta_satisfaccion GROUP BY fecha ORDER BY fecha;
-- SELECT documento, COUNT(*) FROM gestion.cliente GROUP BY documento HAVING COUNT(*) > 1;
